mlcp0rjb34vnitau,5.0000,3
ocuswddzn9kdu54v,5.0000,3
u58d0mlbfwcorfi,4.8462,26
aearuuxv83plclpl,4.7681,69
8ovhr7mn59aut5qm,4.7500,4
2mut5bgxa29zggnt,4.6667,6
taemmwp7jhbej8ay,4.6667,3
clxhmjndw5zwu9ui,4.6667,3
op0uw1gn1tjqmjt7,4.6528,265
du51t0qrhjqlnbij,4.6296,27
a3559c86fe59c4on,4.6250,8
k6yq5koj2zjzstpt,4.5758,33
ec6x9y8qcmsrxob9,4.5714,14
5xzoz5wimz4xxha,4.5385,26
7vtm1rq16hh3xch,4.5294,34
1aliwzro4e48mdlt,4.5286,70
4x8kevhfmh9ikck6,4.5000,4
ny5d87fqbeh3pnuz,4.5000,4
8ff0n6c5kt5hcs7,4.5000,6
q9n56sd2s8fkowf,4.5000,6
j18kjz80hxjtyayw,4.4776,67
mohwfk47yjzii14w,4.4606,317
xe6kb3cuqwie2q38,4.4598,87
xf5y04yekcrqtnc,4.4583,24
p0cizeb3kiwzlm2p,4.4565,92
pu8btwofyvja347d,4.4444,9
ez2mcyx4zi98qlkh,4.4444,81
u6wzkckne4zsafyl,4.4074,81
4a8gei7egnz7tsaw,4.4000,5
hslgyznv9n2hou7k,4.4000,25
p4dlfwy4yg6pzdba,4.4000,15
z37lzijvuz5gtsu2,4.4000,5
4glrrfh7wrp9zz7b,4.3992,253
g0fl99ovcrq2sqzk,4.3898,59
6xbqnmlxvkju2n04,4.3846,13
3q9hg2onqjftx5vi,4.3704,27
bu2v2j5sqpf4usex,4.3684,19
jdrbw1htq4ah8q57,4.3667,60
2xyccw3pe0uovfad,4.3614,202
grmj2pkmo37x3fzs,4.3600,25
xu3axh98nft8qm8n,4.3571,14
p28i3fd0gw0f7b0,4.3333,6
bfgzleyq9qw8a15r,4.3333,3
wfulqnwlueu660ta,4.3333,3
4ygzc9qcj6rxhh1,4.3333,3
9pzxnionaukagaoh,4.3333,3
zflc6mnml1vqgk2s,4.3333,12
o09in5l4lw3jro7e,4.3333,3
brsnzz5ntlbxnzei,4.3333,6
ygq8n9z522yapghj,4.3333,6
sqrtp4hlg5x7oli4,4.3333,6
f810fngvnv1zbxqg,4.3333,9
udsmqhmsqottnpcz,4.3333,3
ip64rdfcn722n5sm,4.3333,3
rsjzz9w60k6o6od4,4.3333,3
ara76kg5z0aksari,4.3333,3
gqipyapjwp0mhe7d,4.3333,9
mziqfn78iaytu5uf,4.3333,3
j61yaux1cqbptxyb,4.3222,90
ju778uv5xaswnlpl,4.3171,410
8upuvdnsk4sho6ac,4.3103,29
9i45md5bohgvzlqb,4.3077,13
vu4xhul3abknifcr,4.3056,72
wqsmrahzozosu3r,4.3000,40
1f4p0kxdwofvcp3i,4.3000,10
n8ngm7hx5z5e9csz,4.2941,17
9p8kh3im2j9h2881,4.2841,176
etul31tqgl3n22nl,4.2800,25
f55km4uutt2cqwwz,4.2778,36
032krqe6bjn5au78,4.2733,150
bywy6u5t28o9wm9e,4.2667,15
w5s3sv43s3p98v45,4.2667,45
riozkzowuxthkyvr,4.2500,4
g79qfkq3m3dtffq4,4.2500,16
90w2rbztjgfitd9,4.2500,8
4ecsriir9jklij4h,4.2500,4
wrt29d4nlm71udll,4.2500,24
sl5o7qnqudq0y158,4.2500,4
9nlbhqnlyb169uge,4.2353,34
obx6l90zk794ef7m,4.2308,13
tpyd3aa3isbzx9gu,4.2308,13
xkai23ry99qdxce3,4.2297,148
ouv80gvsl32xlion,4.2230,148
27ztb4iulm9l7sqe,4.2222,9
9xifpt8k3n3s4ky5,4.2222,9
tb4zcnikdtbxstf,4.2222,9
1t5qw2alatghgpv2,4.2143,14
snk6qx8hfn3xpm0a,4.2083,24
z5xgyw0jbt9r3ah1,4.2018,114
yqyg7ktxrt53wrfa,4.2000,10
j1uj9pygpuw3v9pc,4.2000,20
dkx1r6fivxc1j3u7,4.2000,10
kco834ddtbmrmw9z,4.2000,5
hc1r605zwa2tq7y9,4.2000,5
73nvz9yui87ub3sd,4.2000,15
sjiyffz8n5patu8l,4.2000,5
u8qqrwutdugkexpr,4.2000,5
g3qv8rgscg4vqkni,4.2000,5
3si7cd7p2s5t2p1w,4.2000,5
i6zudmmce7c5je1,4.2000,5
00e0t7swrris5pg6,4.1875,16
rnkyg9mamrpzt8xd,4.1818,11
zj3ie12ewi1mrj1t,4.1765,17
enfw92zc3tf92xn6,4.1667,18
ci6lsqnrll5qd44s,4.1667,6
ugca99t2yhtat452,4.1667,18
5e23lnq25gon9tp3,4.1639,61
kbd990q5fp7pythi,4.1613,31
9pirdetlvv55uaob,4.1538,13
6woo7479u4b5xgn4,4.1538,26
j1mezrc5u38eeca6,4.1538,13
28uhmejlntcbccqm,4.1500,60
fylzkxxyxjvoya6,4.1481,27
4h62dvooeg9ajtfa,4.1467,75
6dj2vguyiagrhvc2,4.1453,117
zqqa37wbegl3525l,4.1429,21
ruaersctvvr7t6vh,4.1429,21
9bgglbug7g1fxlxe,4.1429,7
8vvnpqs29ivgjk4u,4.1429,7
jhbd0kja1t57uop,4.1406,64
ywwlr3tpxnktjasd,4.1383,94
lidg5nx9ig0bwk55,4.1364,44
qtr168k4p9depk3l,4.1364,22
3p9fdt4fxr2goctw,4.1346,52
xzsklx9j3oqpzlqj,4.1333,15
z3scyumvgsr75blm,4.1250,16
afy6ej5cn9hof20m,4.1250,16
cg4j40i7wq34ggo1,4.1200,25
cpwktis6qwh9ydn8,4.1200,50
oh79xwaslykbphw6,4.1154,26
b74ur5fu47hipfnq,4.1111,9
y9m60ythcj2xn9r,4.1111,27
9s66qxkt22kq5wv9,4.1081,37
l2ilwuc1pjludp7p,4.1000,10
3a9rb059miw9fc9h,4.1000,10
ohwkcbpfdtjrzrz6,4.1000,10
t47hei9uq10xoar8,4.0968,31
ov7wpv4l1fth1tro,4.0952,21
8pe83e92v4nvabic,4.0943,53
f7zdhxmiraht53d1,4.0930,43
17coplfu323xif76,4.0909,44
9ntef9expou18abv,4.0909,55
ap1651hvjldbuugj,4.0893,56
zoohwv5nqye7up2t,4.0870,23
tyg3o94ltiu6jh0o,4.0833,12
445d989vuwlh4cvz,4.0816,49
6f1j5et0lguk2fol,4.0811,37
ahhlbqy5f39wd1x,4.0769,39
fq26p07f48ckfror,4.0725,69
1iqmpkn009h9gbug,4.0714,14
3a4kqs374jqu2li6,4.0714,42
myktccphmb29xjne,4.0714,14
rzlh5jug39wpccei,4.0714,14
6d9dfn2akcrlq1bu,4.0685,73
2cuwjlvpybg8oaf0,4.0667,30
plvzam05bmz3enh8,4.0645,93
yeriagiwygnuvbhh,4.0588,17
sicva377zqygxcq2,4.0435,23
d9h1r3d920ap8ajf,4.0435,23
7e699ifb6u3767yr,4.0385,26
2ej7ntbmoit9ytvy,4.0328,61
frfoh6e7hur2beiu,4.0286,35
tqlte48fgxxlbxem,4.0286,35
9h6o1charof548ii,4.0256,39
pwyjp54iubdq70p0,4.0233,43
8l9cdcd1tbt77hfl,4.0192,52
z02joykzh66wfhcl,4.0133,75
pmqhytfqct5lf1sq,4.0000,8
78g26im7ausm4co9,4.0000,14
3h5kkuatcqtrbghr,4.0000,3
4qfjt6y5pkan2220,4.0000,5
sehdkr9qc15caue4,4.0000,5
jf4rk3cvmlajhl2r,4.0000,61
bgoanlhn58iukzp5,4.0000,4
9pusb93mtxq2knrs,4.0000,5
8iw44v7wzo90wumh,4.0000,3
qqd3wtpwbislbvr9,4.0000,8
3rwn57i2b6nnnd2j,4.0000,3
cmkmsp75hf04ix17,4.0000,3
5u4tg8c3n8wh590o,4.0000,39
ix4lts5i4g7r8rn5,4.0000,3
csdc2mizdyqzxawx,4.0000,33
9w2xk9l8vswt1z1z,4.0000,7
nkz7z040sdfa5agn,4.0000,4
7mcxuyfwj42vc5w2,4.0000,8
hnkzjjc5aw7391gi,4.0000,5
w4bgofezs6ux9oah,4.0000,3
fpr5wg1hfacmcr3v,4.0000,3
waov63ym41b481n9,4.0000,3
mu3siat08i6ofkm4,4.0000,5
u0g7gbzeuy73okfc,4.0000,4
g6f29calzg7vkudy,4.0000,3
dfu3wifz0lspp1ky,4.0000,3
yuswctjhar6nq0vi,4.0000,4
fsujzka1ua0h5att,4.0000,39
plzdi06otgxs6u2t,4.0000,5
gugrcz22ghdljosu,4.0000,9
ivtfrko6hxfr13b6,4.0000,5
oaewsdd7ugqkre5v,4.0000,7
n83ryakhz9fbye4x,4.0000,4
3xcq5vv8yu8u8rpb,4.0000,4
b853fqjlwgmpwrce,4.0000,3
1f9c9h40j1d8x4h,4.0000,5
j9e6cd2cyujg77xd,4.0000,9
s9nuslkgsb436b1q,4.0000,16
35yqdqy3ennlte69,4.0000,5
b4itongzyveye7ur,4.0000,3
giylgstes9e8bq9z,4.0000,18
dsue30nkugcymmsx,4.0000,3
nwyd2hk2ntmhodlg,4.0000,3
zpjzp8drlwozs0j0,4.0000,7
cefpt9ubleq41v3w,4.0000,5
9525yy9pr4wix7y8,4.0000,3
yrdxe16idkn87bo8,4.0000,6
es0sfij74uu4barv,4.0000,28
52lpvfxr213sk8la,4.0000,3
yit71oog68ty9m62,4.0000,34
dr348zvp8be8ac0,4.0000,3
duc9pzl9ijw7up9,4.0000,4
f7a6q8ckas89f36f,4.0000,11
utd2or64zwqfaa7,4.0000,3
ehgrdmftq2kj7cci,4.0000,5
ujzsjpvaiq8tplcn,4.0000,6
brxdd0j3xu8mmgmc,4.0000,4
yghs5x72086bkewt,4.0000,3
1pldx5yoq46qb6cj,4.0000,3
fk4m3022wxy5z3vc,4.0000,4
g00y1bqp5mp0d74o,4.0000,3
273eae60qxg2hcqf,4.0000,4
nv45k3nw937nswug,4.0000,3
2ottee5x0vwqxl0p,4.0000,6
k8w3osnaz3zowmmg,4.0000,13
6y6sfwfk3cezl8gf,4.0000,3
spsnevz1br6f2z3v,3.9836,61
22oqimzgf8snv002,3.9821,56
10387w68qlwehbyq,3.9796,49
ddagftras22bnz8h,3.9783,46
b2g8je1xxtqzei4u,3.9783,92
6a23xff9er4s83pl,3.9762,42
xfezh9wz188ihlel,3.9740,77
94vyohlxpwgwwl39,3.9730,37
hsfc7fnl40k4a30q,3.9697,297
m85rnpq6x77jyzc3,3.9688,32
rcrihauxixy48svr,3.9677,62
xwedbibfksczn7eq,3.9623,106
ezit1n3a1idd6bn3,3.9545,22
a746d3agtfizlx0x,3.9545,22
qpecxgjpxnvw50xq,3.9524,63
ljqfvoa6dshtk8xa,3.9524,21
dk4hipbb9b3c7tli,3.9524,21
xi4s5ne9m6w821xd,3.9519,104
qzftg3j8nh5f34i2,3.9517,373
jf5zkjj3jqfllwcn,3.9459,37
5dmatpt5pf0t45pr,3.9333,15
lrbpmlpsknsgvgem,3.9302,43
77rsl9mezn5iogto,3.9286,28
pvgfinfdphogk292,3.9286,28
yzzm4puxyjakk8c4,3.9275,69
o7knzkbjicpiw729,3.9231,13
g9g79441phtamdfi,3.9231,13
j6vtd2djn6o97a8b,3.9200,25
vg34lp6tsuidfsau,3.9167,12
l7qf2lyc563kk84p,3.9123,57
si9s1jktywxj5vdk,3.9118,34
7rt7gxoc2nf1muao,3.9091,11
ytls18by86w67qr8,3.9091,11
u6urdbmp6pdv6lk1,3.9048,63
x8toy0ku3y2af6se,3.9024,41
ajf5z3ue5mtj948l,3.9000,10
ii7j0kliujc4k8wf,3.9000,20
7nlndhdowjl7z5i,3.9000,10
r2y6iry1bz5lkpht,3.9000,20
p1aeyayy7mdw2ea6,3.9000,10
mh1a6hizgwjdbeg7,3.8990,99
6dzy6mc93tf0nzfs,3.8947,19
djq6e46mmow82nx8,3.8947,19
vrsot1zgy1wfcdru,3.8929,56
xquv0l1lpts7s58u,3.8889,9
folz7olvvczasp88,3.8889,18
pgklownuffqn25nh,3.8889,9
t61i5akczyblx2zd,3.8889,81
8rib3ksuex22l5pl,3.8857,35
stsdri5zh7a4i5my,3.8750,16
e2rirpb4mc0tfpzq,3.8750,16
ee014ekfuc0pje8f,3.8750,8
ke5qu2qlrnq41v99,3.8750,8
9crjict8lsla7yym,3.8750,8
gdl05tnyqjja5vc6,3.8718,39
80s6vtj6yjwmt7sn,3.8649,37
cqwq699i9qiqdju,3.8636,22
9ev3i3cjgvoqpqz1,3.8636,22
01efmfsk4r79mtks,3.8625,80
4tb9soabrb4apqzd,3.8615,65
273o81yvg64m4pkz,3.8605,43
utic1iedvvnnsf3a,3.8571,21
4bkhahwgx381cki3,3.8571,7
kjkj9yw12c8gc1fd,3.8571,14
ovbxika0f1e03g6i,3.8571,7
f5mkursovywoc4h1,3.8571,7
zss93njsmh7wmkmt,3.8571,7
sv2ogva4urs43jwi,3.8571,7
x43lndv5htzy38w0,3.8571,63
pwd9lutzkn8vt66,3.8571,7
j49crlvd62mhwuzu,3.8532,218
weac28l51hiqfzxz,3.8504,127
u0fzm0lxlt9vb4fi,3.8500,40
7t22wbllftv7nuiw,3.8500,20
y42oje3ryqi6lohn,3.8485,33
3myqnrs64nbtwdaz,3.8482,112
ogkcvv9l1q0aatpd,3.8478,46
clrttol4iw7juc0k,3.8475,59
a7ysdefal48plt1z,3.8462,13
35arqepm2q92hcqu,3.8462,26
t6lk8c2wktxjnod6,3.8421,19
dwgm9le9d8uh2ibq,3.8400,50
c6x835i6o9zqfc59,3.8356,73
5fa4qdo3qakotbup,3.8333,6
zz6i7irfr70nvp7a,3.8333,12
t88ohgh4yo7131e5,3.8333,6
ybxxoxn4i4jqv0a,3.8333,12
0qjsfw4stwz2g1zd,3.8333,6
54vhvrkowf5pl2kz,3.8333,6
z5likic72x0xc5d5,3.8333,6
o3cdvqqrq89a1ph5,3.8333,6
aa6m5ycux2y5iwuk,3.8333,6
b6ljg2m07tmc2ffv,3.8333,36
abbys81jz2sigdeu,3.8333,12
bi8rb6cieq8p05wl,3.8333,6
jk6dlgkrh7zn5r9d,3.8333,6
obw5m2lhlqbwc59m,3.8333,6
o6kvclutag67skou,3.8333,6
bv8of8y9xeo7307g,3.8308,65
0stz0hr7a98bp9mp,3.8298,94
d93xs619qx1au1ua,3.8276,29
vtuf6hfo9aj5xs64,3.8276,29
urxrv27t7qtu52lb,3.8267,225
laiyfhqfopw0x9r6,3.8235,17
b7zs6ocxlntb1u7c,3.8214,28
tcebhl79rlxo3qrk,3.8182,22
65ifglmwo3f2otj,3.8182,11
zxb8pq3qrkvdob4i,3.8140,43
p2bxy33newzb930t,3.8065,31
ptd5vgjvr089dpzr,3.8000,15
teyeu9x87mf2tbhv,3.8000,15
yo7axrrxq5h3q42x,3.8000,20
u1v4q16f7gujdb2g,3.8000,10
7hvoj3p9khotuqca,3.8000,5
t04uu0b1j1qzjcjl,3.8000,5
ytohfp3jetsh1ik4,3.8000,40
140i7wbeoifwl80r,3.8000,5
ijqbkacn2m89es8e,3.8000,5
uva1vc6ico5u65zg,3.7976,84
48sc0ktuskuy0cay,3.7931,29
4gxk83ja4twckm6j,3.7917,24
ch39pwspg9nohmw,3.7857,14
az8jb9bddngurwr7,3.7838,37
a0iqpsz74a0bx118,3.7778,9
7njol3i9wdd7u5j4,3.7778,9
wsjmvbv5tsyrsp9g,3.7778,18
bxio01ferbyxr4rk,3.7778,18
p976o7x5ies9ltdh,3.7750,40
pt3qanr6p6mzauho,3.7692,52
1stuvd7am5jjwxm6,3.7692,13
mxj7xp4nffia9rbj,3.7662,77
2103dabhxzxsraal,3.7660,47
frut6bkz93wtu9we,3.7647,17
dlutvnw8azuqvq2e,3.7647,17
asfrcp17gktrdt1d,3.7619,21
j1qv39w1ucnlhnms,3.7586,58
imopnqh4llwkvfne,3.7561,41
hqgmpzhvh3erow9y,3.7500,4
f0e2fae1stvsn6w,3.7500,8
d96n13nxdl8ambua,3.7500,4
72csh9i76scwn6na,3.7500,4
9wozfe2gm3oui7hq,3.7500,48
2u58128vbk8k5u76,3.7500,4
yl9dnwe1kmpo5m9x,3.7500,12
lb3uyjuzft8ieks,3.7500,8
silj5lu3p32n4w4h,3.7500,4
kszv99z9a2eas65m,3.7500,4
qgdgtaroybcdnmi,3.7500,32
nzydrfu1rl2qkuop,3.7500,16
5ce2utm21pedxj2f,3.7500,24
o51k9dgza8tbrexi,3.7500,8
n50qfej14uyuyurp,3.7500,4
khclq55krtwb5ruy,3.7500,4
fhfi3eolorfe1as,3.7500,4
zjlhfdjjb3dmhij,3.7500,4
nv4pezgf17ma9me6,3.7500,4
ds5ik3pompttfa7n,3.7500,4
hbff7jmjux8enzcg,3.7500,4
kozmwlhgd6icof6x,3.7500,4
vfun9bzukewfb296,3.7500,4
3nh7jdb0jvkrv1j2,3.7500,4
gzzowhyzybzfxcv,3.7500,4
rt4e8vy4fa17uo5u,3.7500,4
ylkl8140si1wxttr,3.7500,4
k7gryitw24knktcc,3.7500,4
1ajyh9lns8rldsmb,3.7500,8
sjcl3dxizsq4nxkv,3.7500,4
ny6bsy6olm5b9y3i,3.7500,8
yxwavkrledb9qn6k,3.7500,8
e1h13jfibs5arm09,3.7500,4
0dbnusxunq7fw5ro,3.7467,150
4s7uohdncurgqb0h,3.7395,119
noqmuesoxx4vb6qy,3.7368,19
xvnvmmm4yok7a25b,3.7353,34
az2clhanuen4lbx0,3.7333,15
b1xy3s75cjlty973,3.7324,71
ykccumi5xc5rltev,3.7313,67
h63kzv5acq9s7dak,3.7222,18
hqjjswyesj1gjm7v,3.7174,46
vhud0bjh6zdz702z,3.7143,7
nfu2uyphhtwwfarj,3.7143,7
trtcqmihmvqpgsoj,3.7143,7
c9ll6cr8zr1txtfe,3.7143,49
u0e6pwz03097ijx6,3.7143,14
ic0ebhbi70bdmyc2,3.7143,7
jnfkbgdgopwfqist,3.7000,20
y6act0sdadab6l1n,3.7000,10
p56iqxhl3w51auww,3.7000,10
timl7wld6zp9otsf,3.6923,13
jdmlt99bhvcg8p0b,3.6875,16
t2fhbsa546g11hln,3.6875,32
uaxh30z0kh7n8nt3,3.6875,16
7s3fedb0zhcvza7f,3.6857,35
7rcl3tz5xrrhxgds,3.6842,19
bw3bnlf4ho8gqq1v,3.6842,38
5c5godhu5laul5r9,3.6842,19
7yfyrl3tek1zy1jc,3.6818,22
82mn545s8bt3csa4,3.6812,138
t0pidhghzbo91i12,3.6800,25
zjyxds3s57pgis3x,3.6757,37
0f4x5i2elojxez6l,3.6739,46
ezqljtd04d1dnukf,3.6731,52
wm9v8kfnp83yyxfn,3.6667,3
bb3he06qx7j7x5ut,3.6667,3
wr9nl73hocbeouj0,3.6667,3
vl5nd5lp8u4llkz,3.6667,6
ld1f3t5epeagilfz,3.6667,3
pjyp0q7v455ry5m5,3.6667,3
rvttymjuxw86pjap,3.6667,6
qf7h94jq56f6iswd,3.6667,21
gd30rdeaohiyzck0,3.6667,30
ku8j8rgo7yzo99e5,3.6667,3
1w2wkbsg575kf8s,3.6667,3
ryqfgfeifdo0bpif,3.6667,3
c95zi71i86rm6etd,3.6667,3
7s0tj8clq7cvf9hu,3.6667,6
otfp9kbrk5ki5ie,3.6667,9
rslzb6r22509a71,3.6667,3
ac3yqe95gl98ev1,3.6667,3
h3pf9gud627cmlby,3.6667,9
waljztz5tm1at7x6,3.6667,18
0xp665ei8al5vt40,3.6667,3
19r12feebt58p8f,3.6667,3
y7j3nudckw62a7uo,3.6667,6
cybwmjh91t5odu6p,3.6667,3
z9vop1ptw8p6t11,3.6667,3
k3hdjj6vo9y17ytf,3.6667,3
f1wvils11us5tpw,3.6667,3
6luhhysy3itpllj1,3.6667,3
iy6idhoeowdgvh3d,3.6667,3
m80jfuxzhsaanewf,3.6667,3
6zy62tclr5qz52aq,3.6667,3
hxlqyjtyxxa9o2s1,3.6667,18
ajzw6jutat2aeqa,3.6667,30
zn2fmsu8qq95lbf6,3.6667,3
wfvywkf14yxjatmm,3.6667,15
nongg6knn0zr64,3.6667,3
51uf7ef9vi2ray6,3.6667,3
i4ozk7jjbz0kvss2,3.6667,3
ujsos65tx7kh86g,3.6667,3
ddteat6razxljsz4,3.6667,12
uxs2s81b63bfygxr,3.6667,3
78j0cj40r9hu0aiw,3.6667,3
wrkyc6e7xdfi5mvp,3.6667,3
o0szbgfo63ccuysn,3.6667,3
62mz3wh4rpn1ef27,3.6667,6
91ghbw1vimd96fqo,3.6667,3
g4bppjzcsezfuwah,3.6667,12
m7r9hku2hjic7817,3.6667,3
l9oyt57zmowqhwza,3.6667,3
4dtqerbit3yo10n9,3.6667,3
3v4xvqxq6sa96d6i,3.6667,6
pmumdy360h9f82zh,3.6667,3
8le4zj44wh217o0o,3.6500,40
kvg34tnaj1zpydoe,3.6471,34
h9x354wyakeeanik,3.6471,34
35wpub57athrjbpk,3.6429,14
toa3u84xtn0211en,3.6429,42
ooffjk684gtrsq6v,3.6429,14
ihd4d1ewnrf1shmi,3.6429,28
mfdzgz4izmhu2oax,3.6429,14
uqy4x2pm6cslbrs0,3.6400,25
6hyfsgy8yzhyecgz,3.6364,11
psgq8xau1dkf4u5g,3.6364,11
9w569l9s1zgzur1g,3.6364,11
lyblvftb8xtlo0a1,3.6351,74
anu79a4n1jedg5mm,3.6341,41
zws1j2x2yiqywywi,3.6296,27
lax9p102k6irr1x8,3.6250,8
6lgu6t1f65qrdf7o,3.6250,8
mnyo1k4i0nk9qief,3.6250,8
jvgcipf8g5v88nis,3.6250,8
aktys788a52fac96,3.6250,24
s8oklhvdqoo5dv4l,3.6250,24
v0a4wtgwepxumryc,3.6250,8
u73rmw1qfiu62etl,3.6250,8
ggp2gtqag2cb8s0,3.6250,16
m5vqmisz4y38o5tz,3.6207,29
c0cr82yogsdnfi4n,3.6207,29
ixlz4gj9cag89mtj,3.6190,21
3zp2urrzm9j9f1bx,3.6154,13
x0f1xzv8vq5tkbq0,3.6154,13
afh45yknmlx26x54,3.6154,13
j2e98wy467jfih8q,3.6129,31
6vej1yd9quwfm9qn,3.6125,80
zpmfvbgolvfwbid,3.6087,46
ms15e48egclycv3,3.6087,23
tw7i5gwojecm904,3.6071,28
x6ne0bbd2oqm6h3a,3.6071,28
sj4rxxt9ec0n5zy9,3.6053,38
aqtol7ejlzadgnsz,3.6032,63
csi005lzfs1dxusd,3.6000,10
xtlsfvmug23b7ypn,3.6000,5
ppsrh9i9i76zg186,3.6000,10
cqmsin544ao83cf9,3.6000,5
x8ai96w31jkizy4n,3.6000,5
roat42rowc7i8s2w,3.6000,10
nw0io6o68n11hqtu,3.6000,5
moq9sb9aldlq1jq1,3.6000,10
xfd9ja2ii1smfmys,3.6000,5
6uzu0u107mj4rbhd,3.6000,10
knuxi4wjvar0ign8,3.6000,5
phnv25a48no14tja,3.6000,5
fkitx3t7bymkxbuw,3.6000,5
rlmxnedscs149n7n,3.6000,30
jhin6voi6vzmpk68,3.6000,10
h2j4m8rzqzrksen,3.6000,5
d9mem7v69z0frk2o,3.6000,5
ctkwlgnjwbwk9it,3.6000,10
2oyji57hfl4brqvc,3.6000,5
0gp3my5d5wi0owtu,3.6000,15
c7rwyz7ma51wi1oa,3.6000,5
a3ege93gjofe5q0m,3.6000,25
5b8joqvzi6qe36ji,3.6000,10
os0pfvpcgubbxf,3.6000,5
i8rgwxt2m2nf8fco,3.5909,22
q1gts4stibzdzy69,3.5909,44
j1rk95beucl68yjn,3.5882,17
b8mb4fcwmf1hrxl,3.5862,29
m7bgf8mop636i32o,3.5833,12
6lkbwncfsvp77c8y,3.5833,12
yr3y8s9k8e40hl5q,3.5833,48
fd01exmndewhod5r,3.5833,12
qx277z01nf6adwan,3.5833,12
t1egxcvjz5pcm0xq,3.5833,48
pyc6502gxd98g918,3.5833,12
dcvk7bgbqeb0a71s,3.5806,31
7kzcppjg6rrr8dr0,3.5789,19
gs12wgk1x3nl6ak4,3.5789,19
nz6t2gj4yy8jbnr8,3.5789,19
7epwz167lgruvm0u,3.5789,19
hc6dudpdc9i2pmja,3.5714,14
nue0kr86i5cpkqze,3.5714,21
jwe1v7bh1evehrq,3.5714,7
eagvev6aerjoyvsv,3.5714,7
5kj8v9zga4ehdesl,3.5714,7
kc6qs3ene5morvlm,3.5714,7
cpjghpdd3q80at2r,3.5714,7
zywbjqch3w9elp79,3.5714,28
7d5kjxqadyuyfgzu,3.5714,14
vlsvsfinckq930o5,3.5714,7
4j5zyyl3fi99f0sl,3.5714,14
pzq8hv3aq3yplc9x,3.5714,21
ar5x88sqx6qvef7g,3.5714,7
he5spzmz6vr4dgej,3.5672,67
4l33jjysofp3very,3.5667,30
h6yue7liyshi27rp,3.5625,16
r19zeypqcr684muu,3.5625,16
fcm1ikz9ttr6i99a,3.5625,32
g78vfdrxiqlsdxfx,3.5625,16
r67ofzas8p6y0ay4,3.5600,25
yuek2bwjka7lbdvc,3.5556,9
6kko9va64c4o5jan,3.5556,9
b6tooi55yp4op4qp,3.5556,9
68jppsgukc5gi4sc,3.5556,9
7373q45c9jh4t5yg,3.5556,9
x9dlebr63qf47px5,3.5556,9
252f3ld2sfs1o5sx,3.5556,9
x1qqstrlsa9ocr0j,3.5556,9
5iz05cexg449vrx3,3.5556,18
wqrlx3wvtmkjds9q,3.5500,20
juj5b61griyoswn2,3.5500,20
z6r8cv8lkaw5mp9w,3.5455,11
354tixox37lzb1mr,3.5455,11
fkk37ywm4eig3q65,3.5455,11
a64jwvfed5vdsrcq,3.5417,24
wzz9ycw8ujt9ts1a,3.5385,13
l7jp0brwz4s1jdr,3.5385,13
h2oahwgnoxlrtvud,3.5357,28
zu3xhhd3l9y6r177,3.5333,30
d75pric1fdfi75bd,3.5333,30
tdbss1ekrp4ua7h4,3.5333,15
so1gjj9uy7vzien,3.5333,30
r3ed77yd9te07y5d,3.5333,15
epl4q2933rczoo9x,3.5278,36
umf3driwf7g7b2s,3.5238,21
wttpef6vhl48hepx,3.5238,21
003iydfj1747amj8,3.5217,23
1l4hjsvaw13r4fpk,3.5217,23
q8y5zup88c9hu499,3.5208,48
xm4ltaarp0fje5yd,3.5200,25
blvdzahqq9xdb8f2,3.5000,8
oxdfiibt1c019r6p,3.5000,4
mvun9fc85w2p9oz4,3.5000,6
myejb4ual3rfi9gj,3.5000,4
8o4lnoya4kg6ud7h,3.5000,10
kqmxyybs0nh9d71m,3.5000,6
ony5nq4dex6rwo4r,3.5000,4
uhtu2jp2xwletutq,3.5000,6
59ztsy9p01avd6wp,3.5000,4
tyu4zalevqkvujk4,3.5000,8
s0675afnqtixyctl,3.5000,6
3m133zr3lbppnkgd,3.5000,4
hq39kkky5ydqie,3.5000,8
gerek8m4ra517fk4,3.5000,4
4bz5v9s48zngukkv,3.5000,6
d8fz0h5t3xob18hy,3.5000,4
9e02f0cesyaqceux,3.5000,6
akq48hw07yjvietq,3.5000,4
91il2caqcsmak7wc,3.5000,6
tqpowvmdoemtooqf,3.5000,6
ocxkusipxh6uszzc,3.5000,4
063nxblhu07vizfx,3.5000,6
vva8s4r00b3zli59,3.5000,36
tj3j2osc0181854n,3.5000,12
tzoiqetcugdfr9m,3.5000,4
ui795xkuz5w4trme,3.5000,6
qetce0eru8yjv93e,3.5000,4
czrm4icsfyejxx1,3.5000,6
u8cn1e6qjgu9g4yk,3.5000,6
udofsknqvzdsb5l,3.5000,4
w6cpxr0pi5awvonm,3.5000,12
m2wl06w0irs8vgdc,3.5000,8
ii0k5l53vhghqyh6,3.5000,22
42b18ov4c4ao88za,3.5000,6
38iqpon2ekeryjcs,3.5000,10
fn8r65rg7upfff0o,3.5000,36
749ccbcxa9uotpiz,3.5000,4
kfb8uoujzhfqq8a,3.5000,8
8lrm5f57or4bake9,3.5000,6
htl5pcglo0yjs0cy,3.5000,4
2obu9uhu6hbamufg,3.5000,6
9hpl6jujhjhl92tk,3.5000,4
81d7uhvbx8lcdimn,3.5000,8
zzbjxdj5lw9dr33r,3.5000,4
n4dvdlpmny46zhy6,3.5000,4
terr6le4vg51c2zi,3.5000,4
n3sy6kjl6l8ul9qg,3.5000,4
jicj96i5dtdra2j8,3.5000,6
pnleii72sdlxs2ib,3.5000,8
mfy1qxqwnrhk76u2,3.5000,4
3khkyusn02gikj4l,3.5000,4
5t1frgm954xg9s8a,3.5000,6
cj05ocxhay4dbrfs,3.5000,4
ruw6aneby0uja7hr,3.5000,6
wj79te72mruhbnni,3.5000,6
7auz6zq3oevm5cfl,3.5000,6
txqmifzs44ndjxpw,3.5000,16
aog5gqcnmycnkhsy,3.5000,8
h2hv91o7ff9zcqsg,3.5000,4
lca2nnpekuq15s5,3.5000,4
b84hb49wzlzth5x0,3.5000,14
clox1mlffo37xf2z,3.4815,27
00wlim27k5d1hmf2,3.4808,52
bt9tjt1fg2ucbxgc,3.4800,25
a41gh0946u9rxc39,3.4737,19
dtmrh4w8l3cs73s7,3.4706,17
zp26o8weiphxjlby,3.4706,17
b67iuep7o6b0kxpm,3.4706,51
jwj9zj64g3pcckoc,3.4667,15
ij4y0w9qxeyaxv7l,3.4667,15
3vhf1t99286lnnob,3.4667,15
kxvfs295b8adixqu,3.4667,15
6oq1zke93clq1me9,3.4615,13
zqokrx6glbvfw1d,3.4615,13
xtlhfet0vixthar5,3.4590,61
5pzhwohhchezg0lj,3.4545,11
yg7s0l5sksfh8z9d,3.4545,11
fk8xds3a66pyx208,3.4545,11
8qg8sqhs3xb6llhn,3.4516,31
1dytdvtbgxuwfx0h,3.4516,31
b0i6bx7g4rkrekgg,3.4483,29
hy06tvz613jexr3q,3.4444,9
xtb26pv5pf5clj1h,3.4444,9
kq9qgjkf2k6xn1c0,3.4444,9
k0lganicxejz31s9,3.4444,18
g4cgwblf9pzr91u,3.4444,9
fcas37p9u01i2sij,3.4444,9
t593d66s20bblqt0,3.4444,9
bl5mt8ug8i6uquh3,3.4444,9
j8lmspy4iz73mx26,3.4444,18
i6hdqkbq45y9e9f5,3.4400,25
a3ym4ipix7sjsfrf,3.4385,130
j082dsgq75k3o9o0,3.4375,16
r2vshl7noxxpjma4,3.4375,16
t28dtahbpq7ehog9,3.4348,23
m6berjjxx1mei0ea,3.4286,7
ipnwfkphg30la1ml,3.4286,7
l9d5cqg3em10s3g4,3.4286,7
yv4mjm4han072fg,3.4286,14
581l9usqg8cqzmsl,3.4286,7
9cs1ecdf0r8toqfk,3.4286,7
c55q98mhkkngsrkq,3.4286,7
q5t635noukcdwmik,3.4286,7
smegjkfsgjj4llr2,3.4286,7
y9a9617r5hmsl7f1,3.4286,7
34mue73vsqkbyo5j,3.4286,7
hjti2iykn988541t,3.4286,7
nuklqa8l3hzhojk2,3.4286,7
29l04xfgii5roq63,3.4250,80
psalppksi7g1eg22,3.4242,33
ozmtl3j82zwtpwxn,3.4211,19
ed9w1m9dyz0y15z7,3.4167,12
wmk9ipzv1qmgspor,3.4167,12
1cd4ja4ralbouxxb,3.4167,12
tw6qvi45s7fx50i,3.4138,29
igcp4nw7md3ylwjs,3.4118,17
zkbp7ygz2uafxr1c,3.4118,17
ce8v9rp8yovsh5ys,3.4118,17
40hswtkhap88gzvn,3.4074,27
ofwxv117k3by2v4u,3.4000,5
82rjzu9krlk99ptg,3.4000,10
8ffkew39abmgnhkx,3.4000,5
eztkx2jokgnkpfte,3.4000,10
4wd3lyaxi4thp8qi,3.4000,10
kxc7cih23ylk15ee,3.4000,5
50awxb2vjh437ha1,3.4000,5
gn913naa45qwdv2t,3.4000,15
u3ufw02tebi0jxng,3.4000,5
icrodh8c72nq535,3.4000,5
spmq6auw2ativ5i7,3.4000,10
je0vz4z7edut4q7t,3.4000,5
l74hir6slyb9bbm6,3.4000,15
jnundukj5a1p4uld,3.4000,5
t8prkk6aurm8kaoo,3.4000,5
gkxvpfy9qddyj,3.4000,5
a1w0vji75vccanab,3.4000,15
rhs37e8rcprcx58b,3.4000,5
up4fos8qq7f8qnuy,3.4000,10
82f6px0qqdtrghrx,3.4000,5
xmo87hjaydnz52o3,3.4000,15
jsby2tsc2frlaace,3.4000,5
3ohh0sxax6sflfj5,3.4000,5
oyan3cgtl1vj8qhg,3.4000,10
n72opv7350erqo4c,3.4000,20
77ir1th0ea7su9qm,3.4000,5
clvkh0cmqxa1ee14,3.4000,5
ccbb9kgh5njuhx79,3.4000,5
8p07jillqdxzpukd,3.3846,13
6yfiv4b8agk38rmb,3.3846,13
pxs5jlc2cjxhnrd7,3.3846,13
p6blazhwoauniph6,3.3750,8
fft6pu91j85y4acv,3.3750,72
3q8lfs4x52le1vu0,3.3750,16
zxgnbkrt8oclvclf,3.3750,8
ftm9a97w0xt2bzyl,3.3750,8
v5axn7tkg52m9g1a,3.3750,8
1dg2yp15g6tm6izy,3.3750,8
a545or5ijyo73cn4,3.3750,8
ujstxtwrk7w8r5xb,3.3750,8
3oez457dpng7ktzb,3.3750,40
r0tn6id0wlaat4o0,3.3750,8
yqs2uglgj3boo8up,3.3750,8
tk39x67176ml3dm,3.3750,8
4slz2y4bez21t6el,3.3636,22
k1mnicn3bbctmfgm,3.3636,11
z1owjprlmrms8f8s,3.3529,17
iwnjysclklhi1zwn,3.3462,26
djxktpw8m6rph2iy,3.3448,58
i16cljrxsikrf1l9,3.3333,6
3xaemk4cx8enboxx,3.3333,3
shmzreq3qgk2gra6,3.3333,6
kcu2x7ah99a0ez20,3.3333,6
9cfflfdq8jb49tij,3.3333,3
uboqm0o9oswah09u,3.3333,6
prha7tdprx1n2uc3,3.3333,3
jv44vefxfo77yfep,3.3333,6
zr48drl7ctjw0v9a,3.3333,3
md0lb2dczqayesxu,3.3333,3
6qhd03vzceby1wcj,3.3333,6
gkfqj59imvobx7b4,3.3333,6
r1ayxo348ij7uk8p,3.3333,3
oh8wpldas9q1wcv4,3.3333,3
cjsvhlsg328la8,3.3333,24
gw93r5mpf2llrk5k,3.3333,3
70wywbixa57vy3sz,3.3333,9
g2412jpo6g6hwno1,3.3333,3
wy9kkzim2mrs9svo,3.3333,6
r7faqzxavqudcg2i,3.3333,6
3s9u0rqgz3usbp5,3.3333,3
ennqo8z5hslwhyqo,3.3333,3
wj5c5rcrv1xbhssk,3.3333,6
l1iwa0k61xuz3nkg,3.3333,3
gb32ihvovah61rxn,3.3333,3
gss2e7619ri01v2d,3.3333,3
xdigxok4pjlf880,3.3333,3
xedw8k1wzwyj1rq,3.3333,3
nq24rpyihbn95a3k,3.3333,3
klt79zhm55mdllsl,3.3333,3
uc5uquemyng8qh4v,3.3333,3
gbum4w6lvn57h9ps,3.3333,3
s4girkccjl8mtwh4,3.3333,3
xktfkqzdlk63kelo,3.3333,9
dlwqgokmu8d4gefc,3.3333,3
5zx782ofn81a3hlb,3.3333,3
o94jb9tkmb7w4y46,3.3333,9
mtn5ks3xgskeabxt,3.3333,12
ig3zbeoqfv4v1xl8,3.3333,3
tzesllzimgswo4vd,3.3333,3
d0psfju3r9vdd4ah,3.3333,3
zouljc9tzs8a3iwv,3.3333,6
hu60gp1bgkhlo5yx,3.3333,3
3r63uvc82jnvpjj1,3.3333,3
327b20emhqc097qj,3.3333,3
pulxnp0ozz0o3hlt,3.3333,3
k0qsuzs260iz1qlo,3.3333,3
rqpt1xqds7red6zm,3.3333,6
mgk7ueugc7vxis,3.3333,6
jfx1socs71nrquwt,3.3333,3
db6c75apz9jw2ik3,3.3333,3
xmiz86oso6afh7ny,3.3333,3
8rcjkglqskb6nedh,3.3333,21
87kh7s3bczbdi1i,3.3333,6
9l4qyjdnphghcs0,3.3333,3
3d4jyitc5a5l5i3m,3.3333,6
5vhuz6bb6rfv32yy,3.3333,3
uecbhpf8o29t6jgu,3.3333,6
tko6kw6k2cirz9y7,3.3333,3
u1lo88g9qh17cf3g,3.3333,6
o6iksmr9gx8d99bj,3.3333,6
9andc4cjxnvx408m,3.3333,3
khvcu8cy7p1s53z7,3.3333,3
5rrdc1i3nrryvckj,3.3333,6
5p150c2ms7kegank,3.3333,3
b87eumakxhjmhcif,3.3333,3
zre3pqdgznhga5n1,3.3333,3
795lj4v4c21r3vq2,3.3333,6
tkd5t4es7tn4dw3m,3.3333,3
622aq9w92sxoym4p,3.3333,18
94up65zoci93px6z,3.3333,3
4n5hib9zxcf51ppb,3.3333,3
qyo86vg2j4f8srdk,3.3333,6
z37dorpg927v211q,3.3333,24
fdrmqtk9j9bsmef9,3.3333,3
ch02p0pj41qeycz,3.3333,3
2gh8bselanlyh6g,3.3333,6
7yiyxcnrlwejoffd,3.3239,71
km1xagfje83xzkbp,3.3182,22
4btr90e7opazl24d,3.3158,19
a09i9mxxqpe7zfx0,3.3158,19
qfvfc6576i90py4w,3.3158,19
a6pcygzm8y4czmgr,3.3125,16
9b5k96bteakgcvdl,3.3125,16
3pfco8kg9xs3ahil,3.3125,16
cwblhzdjih48v94,3.3077,13
mkd60mppcd86vdwy,3.3077,13
gbrhfj0f9encm15a,3.3077,13
9af3dz94zvblmnan,3.3077,13
jrcmiym1o6kplk5x,3.3000,10
z69xitgxqpj96jwx,3.3000,20
pslttnz7mplj42i,3.3000,10
fb6glir6bmonljyq,3.3000,10
14qjb3ersoyn4efx,3.2941,17
tjjnxtvcz4tzjxzl,3.2917,24
fahhbyoj5vgtndeq,3.2857,7
mts4wv9xaje5b4gh,3.2857,7
lckqxohonrcvh4nt,3.2857,7
ylvzd05gfbuyo60h,3.2857,7
wjkg89918ttdbkm2,3.2857,7
xtjl0qi2ek8gxdoi,3.2857,14
q89xj6tg9liksrnq,3.2857,7
61dstzf063sjkw93,3.2857,7
ka750dp4k3fo3hwp,3.2857,7
c6t1pghk322c2tjy,3.2857,7
sp39b1kzzbb1a8nw,3.2857,7
4yj58s5wb4g5huys,3.2857,7
8tta72493k4nvec,3.2857,7
wxps464qkde0chmq,3.2857,7
p9ci8ridqcdcpw5b,3.2800,25
xxzy1f49yw1n6ghj,3.2800,25
2gddzk6gmvnq66u1,3.2800,25
2752o3sh6y05ob1p,3.2778,18
4j6apvpoo2el0rh,3.2727,11
4ipti3pkye3wkucz,3.2727,22
d6julpweme8y49u,3.2727,22
2uwq68o5yd5lot2r,3.2727,11
x14kvpjpv4uosqc7,3.2727,11
s7ho43hu8asxy5k,3.2727,11
boeof1y11dr27wod,3.2727,11
og03iq6afol27gez,3.2727,22
8u5me2jkkw3icqa9,3.2692,26
egtt6j8vif0plzrc,3.2676,71
z9p1f360z7w6jyp1,3.2667,15
44vx0pl3rrfi533s,3.2667,15
ip65y7tat3km52j3,3.2667,15
gwe8psqhkakmciu1,3.2667,15
7o3bri8w217lrfcy,3.2500,4
vh8cveth5606jlf1,3.2500,4
9d4r0eix3s5m1d5y,3.2500,4
qretewgb3e9sf2sn,3.2500,4
4c95azoxjqsuusem,3.2500,4
8np0gcwu470mojgt,3.2500,24
w4wy7h2jgv6ch13c,3.2500,4
01tci21gexh1pv2i,3.2500,8
aulmel3bib8ta99v,3.2500,4
x5fj59hxkzj6xxv,3.2500,16
vkz4n14j8yy7ioyi,3.2500,8
lv6k3ucfvf5v6ehq,3.2500,4
u5cmargzey64glpo,3.2500,4
5ywyhdx5wyfghuyw,3.2500,4
xbvy1mgu6o3sgi26,3.2500,16
9g7e1p3tyeyoiivq,3.2500,12
dbp25po2m44fjrp,3.2500,4
ylax4yenjm6s0w6,3.2500,4
6bghk9o6czulp8io,3.2500,4
ksnzym96wm1kjhgj,3.2500,8
scrpg07v9i8046u9,3.2500,8
s5weuiy9kl6vi4rb,3.2500,4
59d0udoc5ofsg7fj,3.2500,4
0s0a9h63qfmne3hc,3.2500,4
ndsp2xjj2aifh30h,3.2500,4
5r1iabxsfwmz40ev,3.2500,8
14mu9dqe2ukuzzi,3.2500,4
025dj4on6jr2c867,3.2500,4
mz7tsvrsrrqhddhw,3.2500,4
69q5074l0pa3,3.2500,8
xt96319ebnlsh0l2,3.2500,4
dq3eassmlo34txlm,3.2500,4
1ryqybw3jw8469ox,3.2500,4
62nzfrvab3j6csaf,3.2500,4
he3oro2uw3ljwpn8,3.2500,4
6fc7zdj4qxfq74hz,3.2500,4
b6a290if1z91pdv9,3.2500,4
atcdouqd1kxyais5,3.2500,8
q2w2w1l1n3mxiyu2,3.2500,4
5hcvzgt9kvisgn3h,3.2500,4
v5xsbaedcb9p29bq,3.2500,4
g02gj35cieg77y62,3.2500,4
ju8qpl62enpiutnm,3.2500,4
4q82xxvv21kxt34z,3.2500,12
qr9lqgrwkgb5lbnc,3.2500,4
r1macwynkpbmadv4,3.2500,4
ar75k5yjtdgttj1o,3.2500,4
sm2xpr2r6z5ki99u,3.2500,4
zflseqfngmbhwhny,3.2400,25
p5aumfiwlv23qgfg,3.2381,21
y3njzbvdp6zyike5,3.2381,21
whko1dvjyuiuh9en,3.2353,17
rl2xdcgxy0t66x9j,3.2353,17
1ws9cb6ul6fmclut,3.2308,13
4n85273pyxnb7rbw,3.2222,9
tm4gyzvk4kjcfi,3.2222,9
qnctd1t1exifgwsi,3.2222,18
lyzt6jpjzbt87xr,3.2222,18
jf2vkpcdktr0ts44,3.2222,9
4jh66h2nl6sf1x2k,3.2222,9
lwydetlk1o0vc91q,3.2222,9
tav5bdk78ququ1cf,3.2222,9
oq9r03a5x7vixejp,3.2222,9
u442grrweznars3p,3.2222,9
o1dv4v9zxxfwbfbs,3.2222,9
zk9zssjb5avexx9b,3.2222,27
jv9y29bn167wwix5,3.2195,41
055wty792vfyamss,3.2174,23
imvpmb0vj115hqt9,3.2143,14
9chg1cyv3xssz0ae,3.2143,14
tu1meismk6t6jih5,3.2143,14
x42jnd21blyaqioj,3.2143,28
f1gnkn28ddfzs0s1,3.2143,14
39pi00x5dls5z2l2,3.2105,19
c66u816v8kx2jzm2,3.2069,29
13saf297yzgx9byz,3.2000,5
rc3elq851ahfs0da,3.2000,5
1x7s63j46xov6dns,3.2000,5
hah6uisf46qqqvxx,3.2000,5
1rea34vqnz3mtyq1,3.2000,5
4baspe41nmg34wen,3.2000,10
ma18zfc2slr86nvl,3.2000,5
pz8epxykg2b6se4d,3.2000,5
7a3yn4x0aor0jxfd,3.2000,20
48cq99jqwr57hkp9,3.2000,5
zrig9potqpe45zzn,3.2000,5
art4yhg679ig4bum,3.2000,5
xdsx7cuae2z7t01,3.2000,5
5gepja4vs4fvytl2,3.2000,5
c7dydbtxh1hmmgkn,3.2000,5
tk64rgfejf7ofrmh,3.2000,10
qle7qs6w25vqb5dg,3.2000,15
h4razidaaqzttraz,3.2000,15
1sv9w9iw81qgwdpo,3.2000,5
eygiw84lzeks13w,3.2000,5
t8w69y303xb3gk3a,3.2000,5
12pkmwaekw4suh7g,3.2000,25
71so2t5p2cg90nm1,3.2000,15
7imr4g562h4i73d8,3.2000,5
zz5ko4gkcsth9p8a,3.2000,5
mkm4z3esrf32ev3,3.2000,5
2grzxvuvyoqgwwf1,3.2000,5
x77qzlprmvrtqktp,3.2000,5
9zb16mcy711c4koz,3.2000,5
8xa9rs1qwwkonif2,3.2000,5
sda4g92j0pi8caii,3.2000,5
24ejp2s5tu3o6me1,3.2000,5
6yacvo40x2x8h94p,3.2000,5
il36qu5o26ipvwzs,3.1905,21
annp0nwttzb4jhcb,3.1875,16
gdy6gaia4nm66km2,3.1852,27
wx5n6j3ysvilfc7,3.1818,22
8529mk2x07p18taq,3.1818,11
gmdp2mqidymgqyc4,3.1818,11
417g4ca4ob92javy,3.1818,11
br46v97916gdaa4e,3.1765,17
rlsm5osqhp3p4syd,3.1667,6
vdzom99fus581ak8,3.1667,6
1c3gc1z38momri0y,3.1667,6
ijq8fomzfo6979rs,3.1667,6
yvmr636rogpe1xv0,3.1667,6
o8g838kpnzkn52r,3.1667,12
asu9ht7ouhyh9h9m,3.1667,6
pl3vd1t864vw7czy,3.1667,6
yl31dvz40ieouyxo,3.1667,6
gp3dxskt0qkv4po9,3.1667,6
uo91yatl5g70sxxy,3.1667,6
xnpdrkjsezmjl2ha,3.1667,12
gnfqftiy4rvzzdnn,3.1667,6
ht6lb6z7qnklrv4q,3.1667,6
mjapktaw0fcvj,3.1667,6
e902t5jf1pqzi5dy,3.1667,6
qumfxc7756v69rp4,3.1667,6
f59x8xuxuc1os3ka,3.1667,6
s261gocee0qwv4rs,3.1667,6
hthlkor0xmxcb7v3,3.1667,6
bsh50uc1zusebn84,3.1667,6
0lw7xjk3cplb0we7,3.1667,12
06dmledwx1js25ya,3.1667,6
4s5tuf1zvrthpyw6,3.1667,6
ifup3whaqgfi4lbk,3.1667,6
yjwuxedmjfjm9o2,3.1667,6
tdwa6h7vdr8td7d,3.1667,6
q5el4dphbf7q6e5y,3.1600,25
ay0yfjdivax1m40e,3.1579,38
5fs96f2u2m6a2443,3.1538,13
x7lnh94mmylkk6ng,3.1538,13
4fx56139th61110,3.1429,7
joahn3xg3fcr2w5p,3.1429,7
3pbb1qgt5sgiwxpk,3.1429,7
qy0m441qfz8f5sag,3.1429,7
3dq6d1flnt2u5llh,3.1429,7
opz1y9r0yk3lmx5l,3.1429,14
x0itm8yeyavwhuah,3.1429,7
ys7a1iggg7xd2w81,3.1429,7
z9mk3i7w95wtdqnz,3.1429,7
89qmjvv4cb0z93t5,3.1333,15
wtiyhpysbkp7ajg5,3.1250,8
bsifhw1ik8524evd,3.1250,8
52qxb0gl1h2xbmq4,3.1250,16
f1su3oa3uca0wtwg,3.1250,8
q2ztsyhi8sky2wyq,3.1250,16
7w7117xzfpzqokjy,3.1250,8
8zgc8sq7gat6hzp1,3.1250,8
pk89q1m7lrz7mg73,3.1250,16
ryn1fi2gz6nlo5b9,3.1250,8
1ib2w8aopdus8pa,3.1250,8
4eswuit39h5zcncd,3.1250,8
d7f5xs90i6ys2ite,3.1176,17
8jiuotzqzoliqf1r,3.1111,9
ko02mwv9oi52qsmm,3.1111,9
81afnluyffpxa8iv,3.1111,9
l41jntc68lhfxl76,3.1111,9
aynqilyjkha55aoa,3.1111,9
fp37gajb9vyrwnon,3.1111,18
a8gqrlevx1ric5n8,3.1111,9
4waui4k94723t14d,3.1111,9
fwnovkfxjvvbct8k,3.1111,9
2ungxx2lyy5sob4g,3.1053,19
hyx43j8wxbxi48hl,3.1000,10
90gpuecuvbvgdit8,3.1000,20
nbx4lqvtvp9o7tis,3.1000,10
z9btl1v6dbtm28ua,3.1000,10
3phl5p15ic26apub,3.1000,10
6btjoehc8dxedpxq,3.0909,11
s6wxiamavjs9ykja,3.0909,11
enoy8dnveyic48ei,3.0909,11
ny55g5epm7eldub5,3.0909,11
axzhbgr7dn7fba5g,3.0870,23
35rvr6xvrbhplaqd,3.0833,12
cmqf5vw3v5y31r0b,3.0833,12
25kq81lxm8iefgjg,3.0769,13
pakmlxgdea54y8os,3.0769,13
4lyivfptn0eed4a1,3.0769,13
fjx01bpxix29chv3,3.0769,13
bpwvrsiv73brmexc,3.0714,14
gasd3wl2sj34hhyn,3.0667,15
kmoymj14weszx5a1,3.0625,16
8j5ppbu0pkapiaby,3.0625,16
xrwjtcm2ykahb5fe,3.0625,32
qjj154rsxz9uzedc,3.0588,17
tyuvsh5fa7d5g7x6,3.0526,19
9i30k6shg9ccnngm,3.0476,21
41dz8rxf0b3wk3m3,3.0476,21
dqqpdmlkuw8o9e05,3.0435,23
lb2hf5pqx68wbqhh,3.0182,55
5torplpwdtjlbdlo,3.0000,8
lkoaxz7dqdhh2lb8,3.0000,4
d4yh5ca7qmovlahq,3.0000,4
pbihpss22y04a1fb,3.0000,14
6u39y8q8r2wxkb2u,3.0000,12
svw8vvm6p82bdwef,3.0000,3
qs2apzva7hkrdzcy,3.0000,7
x85otcikhwp8bwup,3.0000,4
viwaoduwqji7t785,3.0000,5
drsi3d1e0yz0nls0,3.0000,4
d6mws3jpq68wo2ks,3.0000,3
jjoq99888alyudvp,3.0000,6
lfydav1zsoftnwm4,3.0000,9
pskuuml9cr7tohew,3.0000,4
ydcgk75cqx86opwt,3.0000,3
9vgwkeh1b8s18zj3,3.0000,6
trosreee39kta199,3.0000,9
c8q1g0ivr5gne0e6,3.0000,3
mylly2aq8vih1j2k,3.0000,3
cn94bhjvsj4245ze,3.0000,4
qfzp5ioyl0gaokqu,3.0000,5
3fmgwtnx2x6zbsje,3.0000,10
28uow51g5cz9yb6a,3.0000,4
nwsyyhdxj20lg6ya,3.0000,3
cb2mmy74e2g5414k,3.0000,4
1985kxxeze4f2r77,3.0000,3
fbvvkywbvcovbinl,3.0000,16
ymh3eyebvngxkf,3.0000,4
ici1wht07uvx9lv5,3.0000,3
exhcoumglj1ln66s,3.0000,9
u9bgcluaj3ztp8kt,3.0000,4
m92r7ml5ozfix62,3.0000,7
vbs1pvv73c2p18i2,3.0000,7
6bsa13ogybwiucr0,3.0000,3
g81wmyg4yxqir83m,3.0000,6
nlb5cxhdabfkn0zz,3.0000,6
4z1dskw0y6vvhjxi,3.0000,5
75jolhnksw0a6bps,3.0000,5
fsndsgd8pbu5gbuo,3.0000,13
21zfhwp32f0so6vp,3.0000,7
hiskztntpz48lcc1,3.0000,5
u2yfmhhj04vtsbep,3.0000,6
gwkjkwueqnb3dlf5,3.0000,5
3t4gc0h9sbhtjtcw,3.0000,3
shz3x6lz5y4no90a,3.0000,3
t2sezaqjx8j89nnx,3.0000,4
2xly3ppsqa7khom,3.0000,3
oy3wc8xlna6kl0kq,3.0000,4
cq4brf7veenvjfdx,3.0000,8
5p30gd5hz5cmjslp,3.0000,3
ph0y9c8b9ugvxdrv,3.0000,3
0ua7xuskaw0qr0i4,3.0000,9
qarfemk18j5q1w7c,3.0000,4
823vfbsjcyc6pnl2,3.0000,4
oao0sdbcgitastyz,3.0000,5
zgthtnnqitsl830o,3.0000,4
j737kw3x3j1h8c7e,3.0000,3
rxchvdelv5ebduze,3.0000,4
5aizbla9gf9ivzre,3.0000,4
jmmil5mgpp0u7sk9,3.0000,4
ix94tai31g2plo1z,3.0000,3
k22okumucp3gr0v,3.0000,8
lzdflmpfknl8m2u,3.0000,13
o6ccff8k8dc8tdo,3.0000,9
ndz3efz782n3ml,3.0000,5
gp3ufvfhjzqxt6gu,3.0000,4
veu84tliaggcqz03,3.0000,9
6964n5qgmmiuv38g,3.0000,7
xi761vyx9lhi6v2v,3.0000,7
zt66jzjxkd8ptin4,3.0000,5
xivw9ecmw99kchh3,3.0000,3
7epzhz59f9z7sqtk,3.0000,3
8rimls46ferzxcr,3.0000,5
vyhpiu9vlxf64nn0,3.0000,3
kyfgwhahgid8hup9,3.0000,3
5mmtogd6ujhe7uom,3.0000,7
8h3zifjeldd394ru,3.0000,7
4zna7ewdyx2cwcb7,3.0000,4
26v116snv41qyw62,3.0000,3
lw5wr38uwtrh5bq,3.0000,3
bilrqk20gt0at2za,3.0000,4
5ibney2ozxklbz96,3.0000,8
y4i5r6sqj3zqcrkh,3.0000,4
3zgzygrc5sif30p2,3.0000,3
4uvk4pp3yqx7nzks,3.0000,5
977fhqt93bujdrv5,3.0000,14
dmt5t5suuchf7qvn,3.0000,3
7m6expdcixbo6sy,3.0000,4
wceeesnpko5hcydg,3.0000,3
gqgurglncygeh4jw,3.0000,3
su9yufjji2dafluc,3.0000,3
k7vjmsqait48fwhh,3.0000,3
8kekvt062lefgl2,3.0000,8
17ht767lkf6qwkdv,3.0000,11
73cbfktx8r8a1fxx,3.0000,3
oobx5sy71k0uiz9a,3.0000,5
n7i5q0ggrk5khk,3.0000,3
8c1f646qx3vv9pll,3.0000,3
8a1iccjhv36jnr9o,3.0000,3
dbszwwmz3y1p4f2i,3.0000,7
vhm3dulz2bgmq4h7,3.0000,5
a39ujhqmnkfmzy8e,3.0000,4
cq4nqc6gcvg7xwcb,3.0000,3
cmj8xyhj3s20mcva,3.0000,13
c3nyd7wv3rmrqhbm,3.0000,6
gjfpoi9klpbrfyoa,3.0000,11
zya3mo3njj58hewi,3.0000,25
visgp8mtw1wjlrx5,3.0000,6
jx8jmvt4yyxysogb,3.0000,5
p91i4iwdhycwdr43,3.0000,3
bbi1djyufjwmpdus,3.0000,3
2mh2g9qiz5lknm9s,3.0000,3
goyz8hjt9mb10bll,3.0000,5
pdr855ieo03rg1i0,3.0000,5
6tlsv79zs2xq9ecs,3.0000,27
mh87fd6w0cfku7sr,3.0000,3
aw6l8f2xt5m1min7,3.0000,7
7jxa2jr0tpccqll7,3.0000,6
rt6brl1fmmjf0y7u,3.0000,3
wslmqnf2axgpihge,3.0000,11
vphis4h7mqvb5w8q,3.0000,7
lfvqqpi7dbxfr4xf,3.0000,3
98h95pbbpidt4d12,3.0000,7
i410czvqeiqmuefq,3.0000,5
efj3hf15kjv9rd9i,3.0000,8
xqvbh5hqygtsqjur,3.0000,4
qa01mlud4b9a1qbx,3.0000,6
e8626mduc8igqvhm,3.0000,3
48t9g1fho3asak2i,3.0000,3
n9o8at1urra9f14s,3.0000,3
po4rjk15kfb3l0pm,3.0000,3
iedtcns604yvzkz8,3.0000,8
tyhvvmv42mtjnbt,3.0000,5
gnikmoun9wzacsrn,3.0000,4
b9kg7jp1blintzkj,3.0000,4
gcdgf87v754zpemy,3.0000,3
amoedkp2dp40zdde,3.0000,5
ktxsksd69u51kjsh,3.0000,11
2ft7rij6dnle9hs7,3.0000,5
plf556wm86n0aykx,3.0000,6
lxzvjggw0zmocle,3.0000,9
i5lz1xmntlq67dc7,3.0000,4
itlfs7xf1qrmefl7,3.0000,6
t67ufq9wv98yv4p,3.0000,3
f3ppn05oyacjzewn,3.0000,4
ne3xhq62baveoire,3.0000,5
8v4i152dg5n2i9az,3.0000,3
nc2ux13h6y5tx1v,3.0000,4
dop7nbjl90r5zmf9,3.0000,7
p8prp8ker2m5rb0i,3.0000,4
taxejlcicuksra8a,3.0000,4
83v3n7hxe3gjtz5t,3.0000,3
k82q3libhff6ks8l,3.0000,5
vevcfm7edolbumfc,3.0000,4
7meohfpafl69at2,3.0000,9
v0zwe4xy6thtqz0s,3.0000,3
sb5kms1zyfc1fepu,3.0000,4
d4d28pkufwxfhen,3.0000,8
wy0nsr4khifcdm27,3.0000,5
rlxb5i0vjrnfr6x9,3.0000,6
byq168qxxaxc7bve,3.0000,6
bqvu7w9u4ayzpuzw,3.0000,3
cdgs3mmxizmyqmkx,3.0000,6
gw5sxhwa5bs6sji3,3.0000,6
byksqp7x5kvtutoj,3.0000,3
5rpvkl6iaiu9stk7,3.0000,5
h3n3xzgylxxtyd85,3.0000,4
pu1w7xb9dnon8jnu,3.0000,8
j42u9z8mwmvs8y1e,3.0000,7
gdiieaj1j74etqw7,3.0000,8
ks3fzs7hu54qzkkx,3.0000,3
z5iz01b2cab81sv,3.0000,6
34xv7sw7nu2btj7h,3.0000,4
w11qw03b18c1gf27,3.0000,11
q1ly1tvo850mg5kp,3.0000,10
bczyolxrma75fk41,3.0000,7
oe1ttzjxlidq4hst,2.9474,19
m6j642kft5ap2erl,2.9444,18
he48oknsigqu6xk2,2.9444,18
f9jkiwt1ae9g5c1g,2.9444,18
hd8l6durorb27tu9,2.9375,32
wjcxkqyoqsxo2l8u,2.9375,16
6963a47vqgms8wi0,2.9333,15
186szcuq8n94fl6s,2.9333,15
pthqyajy75yym4yi,2.9310,29
j8dfkrype8wk70k,2.9286,14
ty2z1c41ec7i6mf6,2.9286,14
lbek1f9rrhgophmy,2.9231,13
og54uzaryp1nh1jh,2.9167,12
u59motjd3cy084yj,2.9167,12
z2nf0jmnllgdv8w,2.9167,12
7w4byew43sgkwj2,2.9167,12
omoe3fglijlnri13,2.9091,11
thq10p0o23bngmp0,2.9091,11
dsvzan5uim8460bt,2.9091,11
wlbdh7n1ca7wy8oz,2.9091,11
zy2o84xckwqgdn2l,2.9048,21
ag55g7h8p1gwc7ol,2.9048,21
9dsi7cnt4nfkl7i0,2.9048,21
jz2q7uk4gp0zx2ph,2.9048,21
a4nv3q9ne0q8e7z,2.9000,10
4qzzgru2dttas1t7,2.9000,20
yohzklspqd8rmzt,2.9000,20
1kvcio22np3gieo9,2.9000,10
u3dd6j9aldwyuuhk,2.9000,10
cgns9eche7wuuiwb,2.8947,19
6cih55ybfll9o7o8,2.8889,18
del5wj27flagk67r,2.8889,9
bv47y26r9jz79p28,2.8889,9
iowg5yp13r3yavci,2.8889,18
qrjs0h9sapltofzo,2.8889,9
15bfwxf4y4c4kudj,2.8889,9
h49uai7edl5oc5c2,2.8889,9
cago048gdg3n9ssu,2.8889,9
mws9p7rd0h1avuz2,2.8824,17
64yl9n4tg7pm4b06,2.8750,8
gk0diy1aawlqtun,2.8750,16
vsri6jevd8ovp6pi,2.8750,8
ump86eiv1ys5mj2p,2.8750,8
29roln9nex7rf4q,2.8750,8
tpagbmkmud7cl3uz,2.8750,8
8pg84yq3qkodu7l5,2.8750,8
2qoty4dvyj3dry8f,2.8750,8
jb091lzkdkb44n22,2.8750,8
n8c9whn8wjp1y422,2.8696,23
oru7cthwzbdenled,2.8696,23
l63f3uuzl1x8a1,2.8667,15
23ieqgfg5bxawzmo,2.8667,15
2vikmop14n9l6m9u,2.8667,15
o9y6qg3ldj64cdz0,2.8667,15
e45ifr7k7vvuqqh5,2.8636,22
u3b230h3ye2wfzdv,2.8571,14
j2m6hd6dbbeetw9j,2.8571,7
qyzybg5jryrfb4as,2.8571,7
jwirkbm7rdqt1cfl,2.8571,7
3rafcj8gi53wtcvr,2.8571,7
tk9rhjy57wkhwsvw,2.8571,7
oi8xz4jj6fpqh5y6,2.8571,7
ijs4elxir47rr7qf,2.8571,7
yfy5i2ef9unavzv,2.8571,7
1gnuao9vzlwr4qkg,2.8571,7
5rvp5cdnsqpuuhe9,2.8571,7
kgv8djmzd3m9cxw4,2.8571,7
iqqgv7c99xdp3ivq,2.8571,7
z2fjxkqekicty73r,2.8571,7
tz28aj4upz5q6mk9,2.8571,7
p8auvql7aa9rb15y,2.8571,7
yzzkusej8t9gtqk,2.8571,7
iad2jc9l3usqazgx,2.8462,13
sz95aalidgzq05io,2.8462,13
akrh1y4bi6b4uew3,2.8462,13
zsole7usixgh2uxr,2.8462,13
1heftwai3zz9zhuk,2.8421,19
maup7brn89am2ab4,2.8333,6
8knv0ncxllxn3gb9,2.8333,12
32iohikaxm4q3svo,2.8333,6
l86mbzh8eeyr1axw,2.8333,12
zgqdkyo1djhnitns,2.8333,6
xz13vr6w9kav36ld,2.8333,6
ugkmgida95j1vaab,2.8333,6
2djonx9h7ifzpk1p,2.8333,6
6k9exhpj3e5be03z,2.8333,6
8iaylgu3ynj1310y,2.8333,6
0odl661ptrlyo1ld,2.8333,6
g0b7u3xlo585dt5y,2.8333,6
1zxtch399c45i5x,2.8333,6
f2oyetp93zdpg4k4,2.8250,40
nj6m4geyq40l6ns8,2.8235,17
c1a2j098awdbesl,2.8182,11
r1h3phudfebfbozs,2.8125,16
wznex7prhy59rg,2.8077,26
x8ohk12d1a6f12ge,2.8065,31
kjqmszqta2uknknp,2.8000,5
qir31zrl8u0ki7dv,2.8000,5
sbdo9jhwl6fgcwgq,2.8000,5
hbujxdui24yipc,2.8000,5
40bt4qpy7j9gc1f3,2.8000,5
suegaa49qa782337,2.8000,5
n77t9ylassakw4nr,2.8000,5
o3igvrtp15k1806s,2.8000,5
27cqned21bebmupi,2.8000,5
2sp5rtcgm7b53m6,2.8000,5
3jw5ifhlsllsa6eo,2.8000,10
96jxu8uzc70a62z7,2.8000,5
tuwbnnnvs9m4iifa,2.8000,5
ink7nofvj5nu55si,2.8000,5
l9pk65bqrd9vc6l3,2.8000,5
801nv4c2g1k48cmm,2.8000,5
64wb1kucje0a7l3p,2.8000,5
mr3afem4kaqroce6,2.8000,5
y6993rpac2fjmbp,2.8000,5
n5wf4w7cok3a64pl,2.8000,5
a3mhw58coq7kmdir,2.8000,5
f7u68nd9cquz72br,2.8000,5
7z53z5pkv4cz4ny7,2.8000,5
77wzncogr3l3cv7l,2.8000,5
nktfiq4vl3v4n2pj,2.8000,5
o89pnw94ll1t3z9k,2.8000,5
c8qs0xgkkfp5u6u4,2.8000,5
4f1m8tui5k2btmhm,2.8000,5
4nijlgs7taq39vim,2.8000,5
3ns7qihicdd1cpz8,2.8000,5
bb63gwdt54pezyyy,2.8000,5
xzywzo759jigu965,2.8000,5
zkr5c0rsbeceihr5,2.8000,5
fv04x3b2ptg2irxm,2.8000,5
qz2qg6oxucunkzur,2.8000,5
h183ccbpfw361347,2.8000,5
qwmeunch6ms97tzv,2.8000,5
adtwrra6bwcux97l,2.7857,14
tqvambr6vowym20v,2.7857,14
jbfma0jzxinw92a5,2.7778,9
0rov4pzq313pvfq0,2.7778,9
hskp3c5jt812tgsn,2.7778,9
r6yx0s9l5ikbyu17,2.7778,9
xalus8ohlvjt7ys8,2.7778,9
jzo364awhjbt1mof,2.7778,9
iumkhjn240gq59ws,2.7778,9
is8iri1lqoxjt7zn,2.7692,13
bse2t636ftkc6spj,2.7692,13
7wip22dpvlzil83,2.7619,21
15hkflmdikpcpblh,2.7500,4
odvt6x1qbnfyph9c,2.7500,4
cam9ijziivsn52gl,2.7500,8
dnkq1r7gbj6e1emn,2.7500,4
7ti3b00rs64iubx2,2.7500,4
clpc8d5s70z8v63j,2.7500,4
pjgxrkgnaapbudtl,2.7500,4
g6h1glu4zeds6sec,2.7500,4
rc9nqes0joevfhhj,2.7500,4
98edv3t5g2ubu47,2.7500,4
uw8h1ouqh4ecgyjx,2.7500,4
g46fkd8oxyt1y6j8,2.7500,4
26u637t1q3grtcki,2.7500,4
rxtnttjwvyvvfu,2.7500,4
1ho4lvchvukpgfld,2.7500,4
l8a855raojckgxkx,2.7500,4
qxu8ej213ttf0igk,2.7500,4
chbf0ssnxha0jpqx,2.7500,4
v944b8zkeigb75ji,2.7500,4
o789bwjn4zkpsh2u,2.7500,4
yih7mudg6svapbbv,2.7500,4
1b2o8uo5l5le3o4i,2.7500,4
9pvtudv1p219elp,2.7500,4
6tkplg8en73e43h3,2.7500,4
dnqnvbtgkfhni3b8,2.7500,8
p9nxoq8chz1k4y1c,2.7500,4
xvlh0hur7coxf6fj,2.7500,4
444bn4cxrzg15w25,2.7500,4
zsijwkwvtvn8qlrb,2.7500,4
5ee3nxfcwzzb9w1d,2.7500,4
rw8ipy7o8hgpq82o,2.7500,4
iefddijjse544ayw,2.7500,8
f6o3ur38czzrlfim,2.7500,4
vdtmczky0p0ywk37,2.7500,4
pr3b371xk8ydtwd,2.7500,4
ygilqclkqqumsdwg,2.7500,4
hrm301o9rup2rvnp,2.7500,12
460g7oruapcs7oqy,2.7500,4
ue8xl789svch28jn,2.7500,12
9yisa78izk2cl1dj,2.7500,4
hgx69yhr3dspvrmt,2.7500,4
8ym19acg3yk7tr5m,2.7500,4
wllglykysojzs283,2.7500,4
uihg7ykgh2lsxjja,2.7500,4
fspg9feojrfbh9rn,2.7500,4
wvs2vmbigm9unlpd,2.7333,15
52x2zxt8ers4rxc0,2.7333,15
orebya43jmkeu87d,2.7333,15
zfeuarrln2hoar99,2.7333,15
5bnbfhwjmb8baqcs,2.7333,15
muavh5jceq87jle,2.7273,11
pcxemfypj7d9fyoa,2.7273,11
uamh4vrhqkcfdsu,2.7273,33
j3rwlhuy6j6v79qj,2.7241,58
rve9kbxk9pkg6wej,2.7143,7
i9n10ur9c7vrpas6,2.7143,7
lsnpv1bkylr6vsva,2.7143,7
25tvza96jojhdjw5,2.7143,7
k1ye3rs0n3thnb6u,2.7143,7
w9s82w5o59a43tzt,2.7143,7
qkmbakc8sta6e35b,2.7143,7
1xgc2yr41gtvqh8m,2.7143,7
zf7nng59xqz60hu6,2.7143,7
zo1abonbcd6ss238,2.7143,7
rn3oau0yo4opq46,2.7143,7
a70sbudzo8496l1x,2.7143,7
5e9zrkcfgq2moinh,2.7143,7
p84euen4nyu3xxw3,2.7143,7
tmp0sviw5epirnbe,2.7143,14
fqcgeyexgoijp2gb,2.7143,7
u212jed2a7ljg6hl,2.7059,17
6ec16khm357uu89f,2.7000,10
jddi0s4uwuh8nrpp,2.7000,10
iw6s3e37s7suv6n9,2.7000,10
8h52vtue96f9vq7f,2.6923,13
lle9g3oep6s1kqh1,2.6923,13
xg2pqldz6zqzhxns,2.6667,3
xneyhfcpo2adngny,2.6667,3
f3ul2uztjrprp63t,2.6667,12
8rtmqg60oycxy3q5,2.6667,9
namvy6r1sotkyznu,2.6667,3
uvvlucz7m6bj4iu,2.6667,12
262qc5dnh6ucx42e,2.6667,3
7fdmhnth6yqirukp,2.6667,3
ts4wcu8b3a3s8iq9,2.6667,3
9krbensa5id09org,2.6667,3
ngi8ox3s9gfcand2,2.6667,3
ou81ipzrly1zj8tk,2.6667,3
3d7hhywynrjbnl8t,2.6667,3
uwnfzme9h7jmoeaz,2.6667,6
ca4gts8sw4nlvip5,2.6667,9
w1hvfh2sfprakd1x,2.6667,3
1d98igkovonha9fo,2.6667,3
ydnxgxxa7pzz54ql,2.6667,3
9ay76ohta75xi4ty,2.6667,6
s5v5lxj6fdfc405a,2.6667,3
b3rd1mfm4zox4eic,2.6667,6
xsx4lchmr3regz2,2.6667,6
9blo7nwhsum2kvsz,2.6667,3
opbicze35o888bts,2.6667,6
69oek8g46zvpn11x,2.6667,12
vy3x71efi2owus0z,2.6667,3
h5qvo95s2rh9tp9i,2.6667,3
1uykr63jimhzpee,2.6667,3
f9s43tfh7jzg6q1p,2.6667,3
ecbswl2qmmyipqv,2.6667,9
niipsnb609rcy7v2,2.6667,3
z9a7q8t87fc6f4e1,2.6667,3
hnfv0nwwhj2wz4ga,2.6667,6
6h6rtdn4ffkh2f1b,2.6667,3
lutwq4rt4szpqwze,2.6667,3
2tsa74cupbwzxvq,2.6667,3
7h2hr5a8cq3a9tc3,2.6667,3
rjpiclh0l4dssvl8,2.6667,3
nwsrknyhdae8u0a3,2.6667,3
hpesnywwgnl862rz,2.6667,6
3olpnfygoj5tfttf,2.6667,6
p8jq87dmq2xo1nze,2.6667,6
hm7l2rgqpbabtmxq,2.6667,3
ex0qigqbhqgnk28,2.6667,9
qd5ptmk64s4l3ku2,2.6667,3
yq9cjco9088howgp,2.6667,3
50n2v8hyyqd55dya,2.6667,3
9w4cnrcuqf7wehmh,2.6667,3
2tzjnzrc97xpibq,2.6667,6
5w397298b7qeva3,2.6667,3
kfxpc2jfv1u8bmf7,2.6667,6
usdy3xjxvvk9t8yw,2.6667,3
7toffoyc650lsepf,2.6667,6
a5jo2a1roas05dx5,2.6667,3
rf543a6d55ftcxfk,2.6667,6
dxezgdjudcbq12h,2.6667,6
xyc9iq7i5eucad1o,2.6667,6
60nlqgh2iuawafoi,2.6667,3
m091vkip43f86m2,2.6667,3
qd7tvml86gjcdb43,2.6667,3
q6gm35w76qk5zq1z,2.6667,3
k2iy848xjf3ch6uf,2.6667,6
15kjdyb4jkw4syzg,2.6667,6
2fpdg173z3fyglrm,2.6667,9
q6m9c3ufld3affbv,2.6667,3
wf2o2so2dlt99je,2.6667,9
5ptl8w9r3b3d1zq8,2.6667,3
a087n3nte3qszah6,2.6667,3
m4cpcit28xurv8ix,2.6667,3
13yihrzjzw1j86uz,2.6667,3
wbde35foz6m26xct,2.6667,6
z735khur4tfq8sff,2.6667,6
927kxgpnvcs2f0i5,2.6667,3
1y6n7ki6jqcpasq7,2.6667,6
tcbsbl7mz6jnnvw1,2.6667,3
bo1damdgdg4oy554,2.6667,6
a91g8f8uo12phw9v,2.6667,3
obdluzio4gly14ad,2.6667,3
9itoii9lv3rt1760,2.6667,12
kh9r3ogcfkt49ibh,2.6667,9
58b0tx19wzbuwlpr,2.6667,3
fvvyotspkgrb223k,2.6667,3
kbcjvrtghsw57ldp,2.6667,3
bzh907aohymvfac,2.6667,3
no3imuno2uq7aexi,2.6667,6
9dqqdbom5uuv54x6,2.6667,3
p8vmhhkmzp5qsnlr,2.6667,3
51cecsp6oqvyxmvn,2.6667,15
u2faar89zkgv7961,2.6667,6
5opulnz623pb2fu7,2.6667,3
e0tz136ysdnfnvck,2.6667,6
0u4eqnk37mohejhu,2.6667,3
ay2jy3sc3e6s9j4k,2.6667,9
p3vgmr8ji1vckus7,2.6667,3
zyso2f2nugrsdfh,2.6667,9
58rq3js1fc9rvcp9,2.6667,3
f9lonjp3c1h8c0hs,2.6667,15
gxsm46ai2z5xrb3x,2.6667,6
3shk77yd4o803w6v,2.6667,3
n8wkutcv9o7p8bum,2.6667,3
786dzqwfv9t2ui3o,2.6667,3
bwm5l6dqe3inefds,2.6667,3
qr4n6dtgmumu0ouz,2.6667,3
7aggx56jw5331v1c,2.6429,14
d6ywhi6b4ystcmey,2.6364,11
gjx2wplac3c9559,2.6364,11
chvxrtobwv7ciy9o,2.6364,11
mx72qeuuisvp76qg,2.6250,24
3pwabplqhed7676n,2.6250,8
291ny6tmj4tfz02,2.6250,8
4196immrdlkdtq52,2.6250,8
pmii7vx5c74zioqh,2.6250,8
k7eyvakpq1ooynhk,2.6250,16
vuc8c4367mchl685,2.6250,8
4ao65o1u0xuvj8jf,2.6154,13
mxoek5y5kaddydj4,2.6000,5
gy6b8ii16v7yrtad,2.6000,5
36auheeessfu7fxn,2.6000,5
z0ykvvi8e2pasp3x,2.6000,5
ejrwfprn6ahemf8v,2.6000,5
hz9chopf1osuy8b8,2.6000,5
1b82dexzzu81ero0,2.6000,5
ytyu3u7sl5t0db97,2.6000,10
itlmi0mm5jc94sg4,2.6000,10
17fwqpx0htvzbhgq,2.6000,15
x4fyoyg69j6dbr2e,2.6000,5
3zg1tkj6qhheeka9,2.6000,5
mynj1hp8bxtf7p1i,2.6000,5
zj17l03tczy1odb1,2.6000,10
krou99uwxpureyb9,2.6000,5
s14suleqhp3qohi,2.6000,5
wvb4mzvcczm96hr1,2.6000,5
v39dh6qzi36j2rrs,2.6000,5
bhipn1557th408kd,2.6000,5
awgrvdqej3cmlwhu,2.6000,5
owpk4qd1drrstn2j,2.6000,5
89kxtet3vb9lzj87,2.5833,12
mppi4th5hjvoapcc,2.5833,12
bm7tel165u7oglf7,2.5714,7
xtdwdx30zkteavf,2.5714,14
eiaxy9jwbjshrufb,2.5714,7
qymhuv5admll2ho,2.5714,7
4blbm63qfki4kf2p,2.5714,7
y295go9dadua28eb,2.5714,7
qp0i457yr5v4t74k,2.5714,7
ddw7exaodcxdbuiv,2.5714,7
eiwuqijxvrvjy1qy,2.5714,14
rlbajfbb0r8snap0,2.5714,7
pi16ca1uk4o9t7hb,2.5667,30
qbl4tjcvorsvhi9w,2.5625,16
4hxafaltfdegrx2x,2.5625,16
honstaavp2mczam2,2.5556,9
9qn2v3wws45qpzth,2.5556,9
h59mnn480ouc2fn8,2.5556,9
39i76vyr6uxpbdi9,2.5455,11
h25oyg05bdu0wd30,2.5385,13
psgk50v96xt2m6cv,2.5294,17
yu5uu9zhy79z9wgx,2.5172,29
zxitjg2f9ttaz2vy,2.5000,4
nccpjffr2o5uho8p,2.5000,6
v3fbrr6q0jb4o12l,2.5000,14
iturltygobcm1at8,2.5000,4
9uj0ohf33rcg97ay,2.5000,8
04quwg97k5ng9nqd,2.5000,4
j11gdl8c4t0n3lzz,2.5000,4
eu3ed84ww7n1dryf,2.5000,4
f4gecary1ij2q1us,2.5000,4
nw4lwgf8qfyx0n7,2.5000,4
2ad9ic3dzn0hrxa1,2.5000,4
hvpmrungnuu5f63f,2.5000,8
x4ohidnuiu84dnrd,2.5000,6
754hynfvlbzmnqsc,2.5000,4
kve9ue0mjmt3lbr0,2.5000,6
400zakqderzjnu1i,2.5000,10
a2wy18vpncjce925,2.5000,8
9qbja52m0h9dnfsk,2.5000,4
1mspez4pljruogux,2.5000,4
eba0215er02csy6d,2.5000,4
fa611qgdh7ftft4b,2.5000,10
oabadlcqp3btdgs6,2.5000,6
wehsgjrvzc1m3dtx,2.5000,4
3efpoe1m4d8itzo0,2.5000,4
sfgaszp8e63v8dtm,2.5000,4
wtzeaxplw69xlohv,2.5000,4
btqc4oz9gsclu7on,2.5000,10
5r9x1stolyqrocuz,2.5000,10
se9c2onnw179491,2.5000,8
n50tjboida64gxi5,2.5000,4
sawu8zzasvebfbcj,2.5000,6
xljv83chcql6ck,2.5000,4
fvafcg65qwssj3gv,2.5000,4
fasepf9960zixrl,2.5000,4
c5iic531zabcpp01,2.5000,4
w3oa02owtrpx3a4v,2.5000,6
qbk3fo0jcawo1j7h,2.5000,4
jr7noj5n0no6m49y,2.5000,6
69ghk3w9jweqyfb,2.5000,6
a8ovt5kgwgyf52wa,2.5000,4
6hsfjg8s6cf8fcif,2.5000,4
8chaaob5djd7b5hj,2.5000,4
n9trqmpdejwcu2h8,2.5000,6
osdm2u95ezuocf3y,2.5000,4
56wb8hflec2isvzm,2.4706,17
dy4ok8sdlut6ddj7,2.4688,32
5l9cjib6fy17d7mz,2.4667,15
6pdk0ej113ejwpb3,2.4667,15
qiso9f9dphdlcrk,2.4615,13
7datxqc6cdlj3p6u,2.4615,13
v14iv84rqbwwiayc,2.4615,13
e2y0j4op7hkzamgt,2.4545,11
1lz5sz6mxlm9k6op,2.4545,11
tyzzaiogyhzr3xv,2.4545,11
ei4c5zsvww3x92fd,2.4444,9
33d1xjeqyglg6io9,2.4444,9
baj7rrtrk80f823e,2.4444,9
sh5jnhgsxwwu71t1,2.4444,9
h5832qua165vuw8o,2.4444,9
ui5cfvxx2vaikidx,2.4375,16
smtdudzzwmreblmt,2.4286,7
o6kw83nxodrbsnj7,2.4286,7
1mn18bh1s38tw9bp,2.4286,7
ohjrdv0wx6cd7zzx,2.4286,7
qnvye81uoqyd34va,2.4286,7
hz68ip3mgrx3hibx,2.4211,19
cgyimhculccl64ik,2.4167,12
k6cbl9pwi34s2p4e,2.4167,24
yj7gf24jvpxq0kl,2.4118,17
4q7fah80ymd6bntt,2.4000,5
v8jy4mngp9jz7uk,2.4000,5
nt5qro7omvmu8uqx,2.4000,5
290phmec0t6qcy85,2.4000,5
eb2s3iln706x75ma,2.4000,5
689br6iwdh7vlm2v,2.4000,5
lxm31wy59an0vs0,2.4000,5
m0w7fo10t8d5ahjs,2.4000,15
inv2lykt3byrkd87,2.4000,5
nvhty4brxsc2ltoc,2.4000,5
3xyt658dy73thwt2,2.4000,5
4dlplkhxqdmhm24,2.4000,5
4mrbsemkx5sepjhy,2.4000,5
63k4bs7hb4wwjvpn,2.4000,5
r7w6h9odtzvmxvru,2.4000,5
y7i3ur3tg1bib2k1,2.4000,5
i0nvu8gxg4s2w18o,2.4000,5
du3nrz53qjw2cx0j,2.4000,5
5k1k500xig1q0ryb,2.4000,5
zaxy9k3pbyy86e0g,2.4000,5
ny2i4ekxsbefa4m4,2.4000,10
cz0uiohtbqszmq1a,2.4000,5
r2n17sh9vty6xojr,2.4000,5
a1qelmjdeyvmi55b,2.3846,13
nnhm4yp172oivtd9,2.3846,13
yk81lyb64utk4sa4,2.3750,8
mell8ufiuf8qvudg,2.3750,8
in5lr9rmbcxpkrp5,2.3750,8
9i4emnq69ftshv1j,2.3750,8
1bw4vfchmpztmb7t,2.3750,8
gtwpx8ahp5et9nrz,2.3750,8
9ubap6jll9bkctt1,2.3750,16
yi1y0xymiimqkk82,2.3750,8
6kpk3744vsj7wu1v,2.3750,8
rlavx22tdsc3roqs,2.3750,8
1ya4d9l464gpy7sh,2.3750,24
m6ie50ktfmr54pm1,2.3750,16
mefysxk3up0oypcp,2.3636,11
6zgx37rascjtnme8,2.3636,11
mqat4cyt7y4qhg9l,2.3571,14
dy6ujlt8jsqoxhid,2.3333,3
us3dfugd5i9fac,2.3333,3
sg66pot10xqo57p1,2.3333,3
79f1ic623cvxtpio,2.3333,3
j7xkckqtw6lx7k6v,2.3333,3
20akruitzbk12lv4,2.3333,3
re0afdtvaohn24t6,2.3333,3
a6s8n66vllgv3bdj,2.3333,3
mr67fiyrvgai97ms,2.3333,3
ye87s2rlfi6ftazw,2.3333,3
5wmixcr4p6m9w90o,2.3333,6
hew4c6rciycb6vog,2.3333,3
wcf4j7gwipv1cc0,2.3333,9
ag3hyv123dhr0rkv,2.3333,6
8xhbaccwi5inlhsc,2.3333,3
x86e78uzy380fdot,2.3333,3
8l7ep0j70jl3zx1q,2.3333,3
ej1ojzk3h40ao1md,2.3333,3
iio542r45seje190,2.3333,6
275aat6lmpgvx2gg,2.3333,12
bbfzoshu3r746fvg,2.3333,3
etu1kj6inc2w3x2x,2.3333,3
68jgwxtzhwwt4eeb,2.3333,3
yn6mjnurqtgrvfot,2.3333,3
daml3hg52l0ibym0,2.3333,9
on31jw8n1l9ozb1x,2.3333,3
xg4sdz91rtj847l6,2.3333,6
adnqhkzfgrrt5mtv,2.3333,3
nihjg19j2hcroqb,2.3333,3
uu3k97lhrx5zkjwz,2.3333,3
s2nq93qr4e7aclkf,2.3333,6
93bin082aybyd5zx,2.3333,3
kcqhvh98arkeip8k,2.3333,6
dig1eifen5rp7sih,2.3333,3
536iwxutiz18sdaa,2.3333,3
arzmsypesyet1fij,2.3333,3
n58yvwb6nbsy8g5q,2.3333,3
q8hy8fy52290q9t2,2.3333,6
e1n1gyi085ed4xru,2.3333,6
inn5ebyt5oj6tcoe,2.3333,3
26vu0i3vowbovhc1,2.3333,6
t1nhyhjh4tgv4pgj,2.3333,3
hsf421jla3gpq4nh,2.3333,12
hpqjj4d36s6427ua,2.3333,3
bqccax2sevndrziu,2.3333,3
uaupemwij3zsoqlu,2.3333,3
fxnlf44opezdtlvp,2.3333,3
96ggafrpoktxiej1,2.3333,3
44pokb1jjy168pqc,2.3333,3
im759y80pvh8al63,2.3333,3
h4uwyctp4rtlmo64,2.3333,3
gsripq9e10b6cadu,2.3333,6
bu6mmul5vxci5vqc,2.3333,3
i0pm45fnkxt8totr,2.3333,3
1dlhsn6dbzbvj3il,2.3333,3
ug1cxot3cfw1v8b5,2.3333,3
clyp0ukbrhr9bdb9,2.3333,3
xpid511ck9gm73xw,2.3333,9
vnsuazfp9bjqdc0f,2.3333,3
91o6zp6pv2hi6pd2,2.3333,3
ljn19fevwalr54dn,2.3333,3
e4glkj6scwvwey4f,2.3333,3
muz7ldka5cjmerqt,2.3333,3
ku55vp3bs1tzamqp,2.3333,6
qgl16vvzh6n8c5kc,2.3333,3
ryy7jon81wqgmm29,2.3333,3
5ej0jiw99wqhzxsh,2.3333,3
v148gq1vx7leo8al,2.3333,3
9nlqdr8tvpc0vz6j,2.3333,3
4wl6mbckjhx61s1i,2.3333,3
18cypk9amp4ii8o1,2.3333,12
gqmvzvo3kpv6bloi,2.3333,3
s1r5mnwjbexdk746,2.3333,3
q47lwr776k3x3rg0,2.3333,6
d47ggt0sp9qotqwd,2.3333,3
4w8tk3kxu4nb4xbt,2.3333,3
5i53mr5dbhy5bgsc,2.3333,3
rqc5x83yrqqij58k,2.3333,3
17d1up7este459q9,2.3333,3
5acwwdfbclwq9bj4,2.3333,3
vkwkux39rfr13ary,2.3333,3
hmm5m4xavuw5hn78,2.3333,6
2ycle459llrk2vkf,2.3333,3
bw6bvmyg2o9og2ks,2.3333,3
r9hutvddtgykd3fz,2.3333,3
w00uocj8hnmdcuzf,2.3333,3
c0ojz0j7b5dsmo7g,2.3333,3
qdtzzfsauppodqap,2.3333,3
vd51ff8tybufnnsm,2.3333,6
e29dr0zrmbykhj9i,2.3077,13
odcavbu6zcy5um49,2.3000,10
3g3xyyfb5ydyod,2.2857,7
8se2kvkcemzrdkqx,2.2857,14
86d7aest1ywd0eem,2.2857,14
vw887qr4sspwyutf,2.2857,14
uz6tc8salikdh7zu,2.2857,7
1njc6utpnirm9i1s,2.2857,14
776hrph12zzgbkgu,2.2500,4
c8d8ddrr94ypcm34,2.2500,4
akzcjbt71nmmsbmw,2.2500,4
reze7qojz248xzp0,2.2500,4
9afd8nocghwc3trw,2.2500,4
cknpksw5jcm1v2bw,2.2500,4
vthu58wk6wm7qj1o,2.2500,4
jbj5aaauuclgf72g,2.2500,4
kszvg3nnn8uae7av,2.2500,4
1s4r5xnjlif48ov3,2.2500,4
p8txeb031n4dnxnz,2.2500,12
3ccmbybidr9nn1kh,2.2500,4
wazvwtxlf7us44qr,2.2500,8
a4cv53rx5ouha50b,2.2500,4
69qh1daxcxrbu4f8,2.2500,4
32nzgcw9qoi4k1i4,2.2500,4
etm8us6qmr1nwmqe,2.2500,4
qsordfywqpydocvx,2.2500,4
hsm6bvrl7wmtuczg,2.2500,4
n9j2zirz3196yc9j,2.2500,4
lxwb7xwpgfgdn97j,2.2500,4
hzjwkt6w6k4921bn,2.2500,4
ydhwa11st460g9u3,2.2500,4
mpxzbcvn48cqnyvm,2.2500,4
qnyl1ifw24cw2kh8,2.2500,12
z4w2a1sinm82dysm,2.2500,4
4zzz2snpezvmy7o,2.2500,4
iksbtn1l4wpryu7,2.2500,4
xkr785p893hb1wq,2.2500,4
qkrts6897hdqp1rv,2.2500,12
eejyjlvzj2annjq0,2.2500,8
7m0wxpvzzwp2f0tb,2.2500,4
iefzb5kq9mzol9n1,2.2500,4
oapy3r39oh45x55,2.2500,4
pfn2bgyrc6d0xwsq,2.2500,4
q9zneoht31u5z8cx,2.2500,8
uupn7qxg6lhmdq,2.2500,4
6hwu0ywfwk4ksxxn,2.2500,4
vwq0xmj49cnkye9j,2.2500,8
meqlzyiilf18spix,2.2500,4
h5fgaxw7tbyeop47,2.2500,4
qt4q4pbf6vod2kfj,2.2500,8
xvkd027awu8j410l,2.2500,8
vrxmz58qi6ef6si,2.2500,8
ha328h0t4322r2kz,2.2500,4
3q4jekm4creceb58,2.2353,17
30yy88x5vzbg9c6d,2.2222,9
14nc1mkpndddgtfe,2.2222,9
hbfqmvs4jf55splo,2.2222,9
vcim68hevp0el9c7,2.2222,18
l3oo5dc8ac0zrwch,2.2222,9
bcr8ae8yncd4anse,2.2000,10
o3l8ac72owqdhj66,2.2000,5
mkn5vrmeopgxa34e,2.2000,5
lvk7gtt65lnc32k6,2.2000,5
6g2wak6bb0ow7bjb,2.2000,10
eh06stnhalqfg2vj,2.2000,10
icu2c9o7e1r8z0i,2.2000,5
cr2m7z69nsj07kki,2.2000,10
bf68dbypvpmgi7ia,2.2000,5
clevathyjglvccsm,2.2000,5
fssgocb2swnmrdod,2.2000,5
rb6fe9vlpgmmuqii,2.2000,5
mffvo2fax8o6cptl,2.2000,5
fvtddnhdpdmpwoe3,2.2000,5
s2sf6bgb1u5yojib,2.2000,5
55xxh7ozya1u1yxx,2.2000,5
qmm7d4vvatzqqvav,2.2000,5
6b55421lulf5q0oq,2.2000,5
b5elofytngocc3u5,2.1875,16
wgdeshyy7vclhiv1,2.1818,11
422j31x1l6ulwagy,2.1765,17
1osej5jzl5g6cpvf,2.1765,17
jkegjiy55tyn1cp0,2.1667,6
9g18di6qv1trikyx,2.1667,6
gtkubmft08fa7hob,2.1667,6
lwsrqg4qxvuzo369,2.1667,6
ko4maqk88u25370u,2.1667,6
pgkx9p67tar4jcpe,2.1667,6
mm6yf1pfb8t9hbqb,2.1667,6
n1kqpxi580f5fdej,2.1667,6
v1df6votoplbi7cm,2.1667,6
bje1aho949gxl287,2.1667,6
o3nsrzn1ggg6t59r,2.1667,6
eu5h8st6imy7eog,2.1667,6
3kb9mycmr3h4ztsk,2.1667,6
5mcsshrveltc2d1q,2.1667,6
bgzdh0efni3tt2ly,2.1667,6
gr0f9vad94p0uyaw,2.1667,6
fs7ufjowq87ure7q,2.1667,6
ucr2h3a6wmkqawq6,2.1538,13
n3t9483k8sd4mai2,2.1429,14
mofs245e2i1qpnfo,2.1429,7
3dpk8ziq49pwvik2,2.1429,7
skkhclxl05fi3pkf,2.1429,7
v544gu618y3or7nr,2.1429,7
i45k6mzsi2wpw1ec,2.1429,7
walrvpv67yw4vkl6,2.1429,7
mrnxwklcti8m8b38,2.1429,7
jllnjw6ykg109in0,2.1429,7
4gb36vjo20qpvxty,2.1358,81
x6hnpmu1pm7usig,2.1250,8
lnavklnqjxh24c3j,2.1250,8
3c4wki6qemylk14u,2.1250,8
1vzv5y27vixinm22,2.1250,8
7ro171trcjc34xbk,2.1176,17
1zfik4ckufl2apfb,2.1111,9
srjvp4nnl9eqxmqt,2.1111,9
bdey5bvuxsq6jcll,2.1111,9
7nrdsgr7tbeie9k3,2.1111,9
goobkwp4x2rdr09p,2.1111,9
qwhdy69c0czgyfm3,2.1111,9
r1ofhbhsjaqvad,2.1111,9
bmwt5ia96dih8bus,2.1111,9
v395463l8pqaa7ux,2.1000,10
w3pz3v8wckaw1wgb,2.0909,11
ran920j8ispbjfqr,2.0833,12
qfawv15gf50ev8yb,2.0769,13
spwe8cetcj7zirol,2.0714,14
27pof8o21bjyofvl,2.0435,23
v00pwms5p347pxoj,2.0000,6
hwt5tw4merq7ysse,2.0000,3
3hpwvamta90v4em1,2.0000,3
lrjgf3ym8ydzfa0f,2.0000,4
tlyk69fz5pmbwhbp,2.0000,3
4c2ngaov7wlo6iqp,2.0000,5
7bptvi6o2p9de3li,2.0000,3
1fii5ztopipu478o,2.0000,3
gs1cucq97y4hefkz,2.0000,4
ms67a2hds1t2swti,2.0000,3
r65yuipqtv1hzxlw,2.0000,5
t6e7z42jgg1tg7of,2.0000,3
0dkjwhl8qqzh1e4n,2.0000,3
3wmfwxd412wd8igf,2.0000,3
k8fovtn8hqnlawnh,2.0000,3
q8vfdhwlmhtfh11z,2.0000,4
temv3vsqknkb07h3,2.0000,4
vvf6ej4vxwwxqnjy,2.0000,4
6vkr68aoq49fis98,2.0000,16
q0gm2k2hxrkrbn4l,2.0000,3
adekmpaicboddt5t,2.0000,9
9gdt0vqq0yxztafh,2.0000,4
5xpin5mu9c3arcpk,2.0000,3
pjmzqezev97q84qs,2.0000,3
9wyvtgr3jng6mpm,2.0000,6
1fpvnid7dfjte87e,2.0000,3
ovpw2r459umw15qc,2.0000,3
5gsim8smp5snvb09,2.0000,8
y7wari1gdsklfyhy,2.0000,21
z2e5lzbsyjhza8jt,2.0000,9
23412ve392nz3zpf,2.0000,3
7qmcyfbz8oo1hy92,2.0000,3
zm01othf1tvrlqso,2.0000,9
t8ozk23qmtafw0pq,2.0000,12
p887ipmhjzlkckj,2.0000,9
diqwd3pq2v46lfzh,2.0000,11
txmo45ggwf8k9hed,2.0000,3
eg8mzazb9yt3d16w,2.0000,3
gl74l6r0m5h4x02,2.0000,9
md4c1713wn8hr837,2.0000,6
9hk5wiiwbbseo7j,2.0000,5
c4gq9drlxwiu1a9h,2.0000,4
82n5x7de6chpln5r,2.0000,3
ta8ayu6nlcitjuk4,2.0000,6
hwmtvvuuxysdvm1h,2.0000,4
xf6zvnprf14qk8yi,2.0000,4
w5fe1obyl3qjyrqo,2.0000,5
ddfjdi6lceupgcn,2.0000,5
i3xvnq3vv5h0c38y,2.0000,3
hp17xj1wg3tlt3sb,2.0000,3
vzdd6urvk0qdne85,2.0000,3
4k1e5xdnstqzfbi,2.0000,4
3zrt1y6ce9c4u2js,2.0000,4
ljbulftxe7en8qb0,2.0000,11
n9i46n052rw5s79,2.0000,3
294k7xsn8de4qi2e,2.0000,6
ctdbm54ewxq4szw,2.0000,3
sqr9hrocyazsb4i9,2.0000,4
sqztrnbd9udu0wj2,2.0000,3
777pm1javsev2036,2.0000,3
q50vpl79zoalwk7,2.0000,14
72sn7wkuew6579u4,2.0000,5
5apzwfwn8z8airay,2.0000,3
bawa0uwl09ewt2hp,2.0000,3
nh5xcew7qxfh1n8f,2.0000,3
gd4izajbpdk13vn1,2.0000,4
gdmtvo45khawxdyh,2.0000,5
r8x83gdub9wvgfdv,2.0000,4
2njziqpe1hfbcmqd,2.0000,3
wgyb68actiiq9brd,2.0000,4
6u8xfl6tz0szfik3,2.0000,5
abmlyee1l9kd6ygm,2.0000,3
ig23908psvui4gxx,2.0000,3
qp99cqw14kefo1oz,2.0000,4
2fo0u9hcpxsf53t1,2.0000,3
v43afr872izjmif0,2.0000,3
dj48s6ron6wnq5,2.0000,3
9w9wyjvkri2jtzff,2.0000,3
mje78iwbgeae356,2.0000,8
we2o21fplawihslc,2.0000,3
5zr8n7lniwmac39k,2.0000,4
98a4hc3iehupklg,2.0000,3
ypae0d973yn6uhj4,2.0000,3
r97fmw7jjh11sfdk,2.0000,6
7jg22mxfhly1ri8,2.0000,3
ydpzujvvatlukt9,2.0000,5
5pljbsl6q7ylfcjn,2.0000,4
9p8i0rmr3965lws3,2.0000,4
aa0dqi15ibm6ny0e,2.0000,3
8tqqyj1oez5hjlju,2.0000,5
aceemlstv4qlb786,2.0000,3
5jp4nepsurm2aacf,2.0000,3
t4vkcv4fisg45bs6,2.0000,3
sxf6c25bwme74cw9,2.0000,3
wav3v8zive29bczk,2.0000,3
czai0qjnsjffx5c1,2.0000,3
xrofykwwtvx686gr,2.0000,5
5t3gcq3ud4tl7i29,2.0000,3
6ekqi791o2h3qket,2.0000,3
dtycbk6mvalnduoe,2.0000,3
mjh2cehac8untebh,2.0000,3
7iu2r3fxt5kgw83a,2.0000,3
hhgxfi1011dles6,2.0000,3
cf9w0h3km7ti80cw,2.0000,10
2s5t0432kt1llzz9,2.0000,5
2rqx1yind4u84uea,2.0000,6
cpo9f66vvnb4hgsx,2.0000,3
40r2yynsg3usy7uj,2.0000,5
xxj5zpa28pxuvp82,2.0000,3
3khux34zggxkenqa,2.0000,3
7xxhw9da4j3ff3hd,1.9375,16
myjvms54dtvzmw4h,1.9000,10
xel5hjoss54ii7c4,1.8889,9
f317frww9rmbw7ak,1.8889,9
as93uowvtbqfy2to,1.8889,9
clc9a8hnvx79pabw,1.8750,8
hx597fjg68nsasrv,1.8750,8
jabs3efj57kyj3r,1.8571,7
yvaketzt6lip47py,1.8571,7
n6rn74qhujur4uwm,1.8571,7
5oxejp8ksydfe8x8,1.8571,7
kh1g12jie6qwgxoq,1.8571,7
s5678j9ihb1ppkoy,1.8571,14
nnkw3f517cee3hll,1.8571,7
7qk7s5kjsx5nmy8,1.8571,7
92wxnjwydahoo0mr,1.8462,13
v3wrpi4plmigyb93,1.8462,13
4pikjeybth5fd9rx,1.8333,6
myeswa9rtehe9dcg,1.8333,6
vsjvn4dabwh3r6um,1.8333,6
rcrm8h7raqw76s50,1.8333,6
32bzvcb971zmtf23,1.8333,6
ns6228q9cj6px93t,1.8333,6
sej4l6z6i23h1fsr,1.8333,6
miekmujzouq9v7nv,1.8333,6
1udmovti1bxa30y3,1.8333,12
92gm4e4rzx7kq22c,1.8333,6
6sw2vf2lfcypz3jc,1.8182,11
71fl3c9k6omgojaq,1.8000,5
uiv35fhbmvyx1wqd,1.8000,5
q3353tbwjbo5bami,1.8000,5
73syu23qk6x3qeh5,1.8000,5
47semzbrey3787j8,1.8000,5
nfylt32grtg6m993,1.8000,5
rwseuddvj1gbo481,1.8000,5
dyj2gyh4st5nhffh,1.8000,5
rq7505rd58zsd82x,1.8000,10
9sbcod5q32anjy93,1.7778,9
fx4zhil4wfwjj237,1.7647,17
h25f5ybd94ecznz2,1.7500,4
erpwivij66uii4sy,1.7500,4
1rhw4do4irwt4q8k,1.7500,4
ko4d7ixlps7ms6h,1.7500,4
osnspz9qf3osrah,1.7500,4
7cn4g7qcskia7vky,1.7500,4
3dffyc96swn7hjgo,1.7500,4
86lumbna4oankfii,1.7500,8
9ia8wxpijijmln7b,1.7500,4
6jzbwcc1wdolvmz0,1.7500,8
flq62fa4u4kho5zb,1.7500,4
q7vdicfjelyjknod,1.7500,4
fl2qc14akizazsge,1.7500,4
5c0aqpcpbe37c5yx,1.7500,4
827prpaa72ezktyt,1.7500,4
njirvtsqogid1cpy,1.7500,8
1fksngaaqd3hjk2b,1.7500,4
mt2cck6os45v1pgr,1.7500,4
y48gvlnxy4m3b2ov,1.7500,4
cvka0embexysjwfj,1.7500,4
p24lat8czguki16c,1.7500,8
9yv2fzucjovhlha0,1.7333,15
usy968xzgkzz59go,1.7143,7
1f3fz8kasbpe7mlm,1.7143,7
fqvovfpndm7h2wde,1.7143,7
yd7zeqlghemq83wj,1.7143,7
mf55ryfqg7hqamug,1.7143,7
qgyhzznz7r5p64eq,1.7059,17
42qwzijsxp3yjjhg,1.7000,10
m2pvo856238t7zen,1.7000,10
1z2lxiqua980sedk,1.6923,13
mnralzvoziidpibq,1.6923,13
nbkq06o99u0aqaye,1.6667,3
9rx1mcfbcl7fg0gu,1.6667,3
0ctqbfa4pofrvtsf,1.6667,3
gksf13iptntcx5m6,1.6667,3
8hq3dwcm86omsz3p,1.6667,6
wls1zahs5c6kcbxt,1.6667,3
aevhsybrq1b8fceb,1.6667,3
91abhz122y059a9z,1.6667,3
s7lsibhtyx7piqqi,1.6667,6
ry4zkpmrc7ls5yu8,1.6667,12
961qdzo1i5abg17i,1.6667,3
2n6vrsmrn310mucc,1.6667,3
54pdtl9dwtimgqbl,1.6667,6
6c0vljle73717wig,1.6667,3
ovzsm3ovpr2kylh4,1.6667,6
9ult5oz52vbudyyy,1.6667,3
mhv8frt13k0i27qn,1.6667,3
5yqi40zktmm89qik,1.6667,3
kbtj2n8kscbzxzup,1.6667,3
qwgnir3uohotdfps,1.6667,3
eid2gsps9yl5jm83,1.6667,3
c8656ugbdfxth98f,1.6667,3
fgjxhnsrvhwbsvsb,1.6667,3
wbojkwezlpkoy6of,1.6667,3
bw0obfyooi5s8e9f,1.6667,3
mscbawkj4rmx3p9n,1.6667,3
hsp7afxnfj8j27b,1.6667,6
cr4rg6h6vmob52ql,1.6667,6
ijnc3qs0vcb0q5sx,1.6667,3
hlqeufww37ga9638,1.6667,3
ee14foypal6p2mn3,1.6667,6
bg1vjdmdi99rcyj9,1.6667,3
k90xf7mt4wgar7ma,1.6667,3
9et9r5f6lp9wjot0,1.6667,3
bu0jpc1uo487nc3n,1.6667,6
68mdw9k76x61fuyb,1.6667,3
utczzxri79tnmtv6,1.6667,3
4nsdynte99806ory,1.6667,6
y82h0tvixm54283d,1.6667,3
j5kpr1tjd3qs6ukn,1.6667,3
1bvzvjv1k9tipo3,1.6667,3
sl8gb5a7xbn5kh79,1.6667,3
20uwjal4pcde6gfb,1.6429,14
fqglfvr75ck4zyrc,1.6364,11
3b47btcwnfwkwe17,1.6316,19
3nnp57jnl1ihp2x4,1.6250,8
1wl2zxgyggwy3x78,1.6250,8
2imb8d3rx5bolywr,1.6190,21
fksojip0gz8sg1sn,1.6154,13
roas2zr00wsyk48o,1.6154,13
y9q98tuv5c96sy65,1.6000,5
b9qi1133oovy7j1,1.6000,5
rzpuk7ehpayzfllv,1.6000,5
u8iiok5gaod2bb3,1.6000,5
mi1qppjerf73sk9o,1.6000,5
7ingcjsd0nqpk2hd,1.6000,10
3l73pkt3g127dqf6,1.6000,5
2xclc39ptkszc4de,1.6000,5
1rqmtdmip7oopv2m,1.6000,5
i6rpmst5fe4c9phi,1.6000,5
ilizcsuyqygyspf4,1.6000,10
w9cdfvx9sazf9cxm,1.6000,5
gkf9rkmb69c9ker9,1.6000,5
1u4all1ay3e0ptol,1.6000,10
stkrrbel8m21b37q,1.5882,17
mn1dey8bzrpiv8ue,1.5714,7
466jekp9cpor7rl,1.5714,14
fktbcvczqdgeh2al,1.5714,7
2njx8jit2j13ash,1.5714,7
2drqudrt67exut8d,1.5714,7
6z9ba4fwvjaovzd8,1.5714,7
ci4wh7o8fmy66w0u,1.5714,7
g0hz9mn5hir35b67,1.5556,9
u6x6fr8k7cfngzot,1.5556,9
s7zm517kv9g2wj8p,1.5333,15
fh8iwavcu4ldm98i,1.5000,6
imexlvf68h3vth13,1.5000,4
8g87bspgs53gekfr,1.5000,4
m85x5yr0zbopyuyb,1.5000,4
dn61n3c9m66ou4id,1.5000,4
4clbm0whak9szln,1.5000,6
89wql0kx3jr4i0sg,1.5000,4
76dv54vwy1ax16w3,1.5000,6
fsrliby8hz7h4wc4,1.5000,8
6goxl3lwhy5n75i5,1.5000,8
xpgl0yc8pxt7e81k,1.5000,4
cp5qm88jb7lld12m,1.5000,4
48s8vygr16h5tnl8,1.5000,12
o3enrbhsp8wn2wte,1.5000,4
1grik5xmn2zsbjy,1.5000,10
f6jwfxnx0km8g83z,1.5000,8
3s9dfoh0o3vxzt67,1.5000,4
7c6hd4n9es2vrgqv,1.5000,10
1hygnm4xhma9ovx,1.5000,4
tkqeq94ez4gq2snc,1.5000,4
eh5ugjr1swno5r7f,1.5000,14
xmsfr54vc6ylpc9d,1.4545,11
alr5c9lqil5qya4w,1.4286,7
a1y4lojvc6ttxemt,1.4000,5
kbuiu2xayq5qagp8,1.4000,5
ihnkavh8vaniky3y,1.4000,15
g6ur8vrw2qhxo1cx,1.4000,5
ep9g48sp5g32p62y,1.4000,5
ju3uvqc84mkie1l4,1.4000,5
271z1a3xkjdchto,1.4000,15
mrdtku6vkbpwuimu,1.4000,5
g13bqg5ljt99p7vd,1.4000,5
f4bo9qj2zqjcawsv,1.4000,5
vdyxd8z055riye0e,1.3846,13
ecoromcdf9ygd35h,1.3810,21
m7ppqal8vjkmbfqk,1.3571,14
1po9rgq2xssupefw,1.3571,14
essw3xgdt2eagfps,1.3333,3
wnr4i2zcylqh5xrh,1.3333,3
36js02hgz2yk10to,1.3333,3
5aoeis6lt44sex7p,1.3333,3
ufpd7eyc7ns5828w,1.3333,6
2lcz44fu9m1ccvox,1.3333,3
skyixkh5jk7y3qp4,1.3333,3
a3abrxk8i66wgbil,1.3333,6
cu73tychmq24tods,1.3333,3
rwjdc9k59u0j1981,1.3333,6
7aneylw00xe3mnpi,1.3333,6
8bdnbe9hbryftlwd,1.3333,3
n5vydjyuieoe34qz,1.3333,3
8jjesm3ohzugimwr,1.3333,3
zn4vo1bdjesa1ph0,1.3333,3
ad33fom6nxqqvfa3,1.3333,3
3uvgkl9gilri6bah,1.3333,6
y4wmfdfy38vys7s2,1.3333,3
ny9rngelpxn8jm8d,1.3333,3
kp5c3ht6z2wodvqv,1.3333,3
4qt2oryeon42t7z1,1.3333,3
hvo2w5vurqm17lok,1.3333,3
d4zkjn6nv84chge4,1.3333,3
hxt5or17uuq557s0,1.3333,3
txr79z0wfmrn2hhq,1.3333,3
tsxlh1q07dttixbu,1.3333,6
hy3lj4fya1hg97a6,1.3333,6
vq67zj4oer9wewf0,1.3333,3
znpkfp8kk9if30r1,1.3333,3
8n9eapki5rtza21o,1.3333,3
ygkesj941rx2inl4,1.3333,3
3yz4372dhsh3470f,1.3333,12
e6xz7s2uhkfkky2,1.3333,3
dgk0lo3wzyttjsa4,1.3333,3
dg0i078bvta0uw9g,1.3333,3
58hnb7m2ylo4men2,1.3333,3
1cxkfxqeyxxxfr,1.3333,3
4i2pxyk3xjlvkga5,1.3000,10
h1pb07z9f6wdw69i,1.2857,7
42yuv5dqyoy5e5g,1.2857,7
8pb1srlj0lvmkh7x,1.2778,18
6bc1tdt0r14k8xa4,1.2500,4
cmr4jr49ilhc8ua0,1.2500,4
ye2bl9rnovhr3bf,1.2500,12
wihqsmsdx86rn0pr,1.2500,16
i5z59kqmokg226d1,1.2500,4
7qylx43kl1kxetr0,1.2500,4
4an31j2pueaqbhg8,1.2500,8
fvwmf74kunm2x48j,1.2500,4
oyhrzyml6z7yd2sm,1.2500,4
r7kb6pe9si3lm01d,1.2500,4
tcqyq1jxi1zl9exh,1.2500,4
v06730xugqijxl1v,1.2500,4
xok95vw80d143zge,1.2500,4
ktj81mkrzhkgfd3y,1.2500,4
3ayn54ep27rhf8xs,1.2500,4
0a72c4cpc5lxmgha,1.2500,4
g3lciqokegd5arer,1.2308,13
odrvu3cw97wqhr7h,1.2143,14
lb83txad7m8ixpb6,1.2105,19
mobpd7d3j4scb09n,1.2000,5
fk4xqamdeyercs1i,1.2000,5
4bplcpwth08t628r,1.2000,5
h1g7211anvqxsxn7,1.2000,5
s4ymecwvma7sllme,1.2000,5
ycqc6upkqb6wxlu2,1.2000,5
myt1u0xyb9czm2j,1.2000,5
c07y5psckykcsbqh,1.2000,5
mvsscy208v26x5nm,1.1818,11
y38nga6m3w8qpd47,1.1667,6
nhhprfrg0iy9c8b4,1.1429,7
kvw4jbopz0ly85jm,1.1250,8
r465pozjtcqqcxdi,1.1111,9
6ei8gpr6a73vf5w0,1.1053,19
n93jonigjmva9e3g,1.1000,10
xg6mpqkynz8bv081,1.0769,13
8tojp5yekkv29ra1,1.0385,26
hkybowauzb4i8h5e,1.0000,3
2l8rc0c5ncu3ddeg,1.0000,3
llchvog0ukwrphih,1.0000,3
hujb66rsvtk63q7b,1.0000,3
xngl0h6oh6gpo0fo,1.0000,24
mfztkyo9ljp6vsa,1.0000,3
87zc8gkxp5l4kr04,1.0000,3
ycvi7ere8tujv02q,1.0000,3
oaskp9o0zwn56hql,1.0000,4
4jprcoswl87s13dz,1.0000,5
egbuwhwc7uyhrltl,1.0000,6
ddzye6zazvzr3lm3,1.0000,6
kthdccxtld9agum2,1.0000,5
othj9bqbecxno2go,1.0000,4
7bv7zhro4iuux60m,1.0000,4
eniz1i3tehmq7zyz,1.0000,4
e9vrtxg2gdcs3o0l,1.0000,4
k36izqq4k7hqowfz,1.0000,3
5niwctkkjg27m18,1.0000,3
2o49yebrxvxf9e7r,1.0000,3
s9g96vm2tag26bgi,1.0000,4
5iwmw25iy1vggh9t,1.0000,3
h2sl4ks8zsc2u8pv,1.0000,3
3j5ls3lqxp55qhv2,1.0000,12
h3l0gecm81uddazo,1.0000,4
v07htx7abi08hb73,1.0000,3
u6tm3cjtgigc7a7h,1.0000,5
u90ea414yfsovias,1.0000,3
ceu605apdq2utrq4,1.0000,5
3h3rpvtk3f8ip60n,1.0000,11
kyob0vwgrx360yl0,1.0000,5
drcgmnc2ayb3bgtd,1.0000,3
kpzexoevy1kpqy31,1.0000,10
t4c3j1amzgsgcmt,1.0000,3
b3p5a7y73c520zu,1.0000,3
rku5woqf576ot6uw,1.0000,3
tgynzzq0ca57suj,1.0000,4
ro4v5d5qvejma7b5,1.0000,3
dq73dhz1amm5j8rq,1.0000,6
paxrsjmsnzi3mdqu,1.0000,4
bapk0z45dtk2z9i,1.0000,3
jax8qpmmfac43gdn,1.0000,12
2qw1bggp63pnue6a,1.0000,5
gun2q3l1l1h88hxz,1.0000,3
inj3mzj11zjf31mq,1.0000,3
03xr499vhgzdk5p5,1.0000,3
5230wsgz1pgjfdgu,1.0000,4
no0tjgf89exupdab,1.0000,4
ghj3fvwixvdng2o8,1.0000,9
w36rnzsernu05vke,1.0000,4
snlb16yj8k3lsrf8,1.0000,12
5fd5njs4e7w6l5qm,1.0000,5
y5j1fy2h9azhurt1,1.0000,3
2usz7ypqmx2vyxkc,1.0000,3
7sfjbp0qkezadqd9,1.0000,3
pcsfqo6mwnqw40c8,1.0000,5
9tdt2v4xmdom7ku2,1.0000,3
xeupa8tqfic4k1ky,1.0000,3
d0grbkci38aviz03,1.0000,4
fxqd548rqcldayqs,1.0000,3
3jo2k7n9tyazupik,1.0000,3
ockj09tjrr82swi,1.0000,3
y2hpxdq4xhp2lbi4,1.0000,3
cimgcdu82gj2otap,1.0000,3
25xyzzvz4wdgpcaz,1.0000,4
rihbmh4jwzaa8f6,1.0000,6
